Story,OutputCase,CaseType,StepType,StepNumber,Direction,Drift,Label,X,Y,Z
Story20,Dead,LinStatic,None,None,Y,0.000106,2,0,6.446,52.8
Story20,MODAL,LinModEigen,Mode,1,X,4.533E-07,15,27.834,0,52.8
Story20,MODAL,LinModEigen,Mode,2,Y,1E-06,2,0,6.446,52.8
Story20,MODAL,LinModEigen,Mode,3,X,4.379E-07,53,25.115,13.821,52.8
Story20,MODAL,LinModEigen,Mode,3,Y,1E-06,22,38.505,13.821,52.8
Story20,MODAL,LinModEigen,Mode,4,X,2E-06,15,27.834,0,52.8
Story20,MODAL,LinModEigen,Mode,5,Y,2E-06,2,0,6.446,52.8
Story20,MODAL,LinModEigen,Mode,6,X,1E-06,53,25.115,13.821,52.8
Story20,MODAL,LinModEigen,Mode,6,Y,2E-06,2,0,6.446,52.8
Story20,MODAL,LinModEigen,Mode,7,X,3E-06,15,27.834,0,52.8
Story20,MODAL,LinModEigen,Mode,8,Y,2E-06,2,0,6.446,52.8
Story20,MODAL,LinModEigen,Mode,9,X,2E-06,53,25.115,13.821,52.8
Story20,MODAL,LinModEigen,Mode,9,Y,4E-06,2,0,6.446,52.8
Story20,MODAL,LinModEigen,Mode,10,X,3E-06,15,27.834,0,52.8
Story20,MODAL,LinModEigen,Mode,11,Y,3E-06,2,0,6.446,52.8
Story20,MODAL,LinModEigen,Mode,12,X,2E-06,53,25.115,13.821,52.8
Story20,PP,LinStatic,None,None,Y,0.000106,2,0,6.446,52.8
Story20,TERP,LinStatic,None,None,Y,2.4E-05,2,0,6.446,52.8
Story20,TERT,LinStatic,None,None,Y,2E-06,2,0,6.446,52.8
Story20,SCP,LinStatic,None,None,Y,4.3E-05,2,0,6.446,52.8
Story20,SCT,LinStatic,None,None,Y,2E-06,2,0,6.446,52.8
Story20,SEx,LinRespSpec,Max,None,X,0.00093,15,27.834,0,52.8
Story20,SEx,LinRespSpec,Max,None,Y,0.000921,22,38.505,13.821,52.8
Story20,SEy,LinRespSpec,Max,None,Y,0.001331,2,0,6.446,52.8
Story20,SEx_b2,LinRespSpec,Max,None,X,0.00089,15,27.834,0,52.8
Story20,SEx_b2,LinRespSpec,Max,None,Y,0.000827,22,38.505,13.821,52.8
Story20,SEy_b2,LinRespSpec,Max,None,Y,0.001047,2,0,6.446,52.8
Story20,ED1_C1_1.4CP,Combination,None,None,Y,0.000185,2,0,6.446,52.8
Story20,ED1_C2_1.2CP_1.6L_0.5Lr,Combination,None,None,Y,0.000229,2,0,6.446,52.8
Story20,ED1_C3_1.2CP_L_1.6Lr,Combination,None,None,Y,0.000204,2,0,6.446,52.8
Story20,ED1_DYN_XP,Combination,Max,None,X,0.001334,15,27.834,0,52.8
Story20,ED1_DYN_XP,Combination,Max,None,Y,0.001254,22,38.505,13.821,52.8
Story20,ED1_DYN_XP,Combination,Min,None,X,0.001271,15,27.834,0,52.8
Story20,ED1_DYN_XP,Combination,Min,None,Y,0.001396,2,0,6.446,52.8
Story20,ED1_DYN_XN,Combination,Max,None,X,0.001334,15,27.834,0,52.8
Story20,ED1_DYN_XN,Combination,Max,None,Y,0.001254,22,38.505,13.821,52.8
Story20,ED1_DYN_XN,Combination,Min,None,X,0.001271,15,27.834,0,52.8
Story20,ED1_DYN_XN,Combination,Min,None,Y,0.001396,2,0,6.446,52.8
Story20,ED1_DYN_YP,Combination,Max,None,Y,0.001661,2,0,6.446,52.8
Story20,ED1_DYN_YP,Combination,Min,None,Y,0.002065,2,0,6.446,52.8
Story20,ED1_DYN_YN,Combination,Max,None,Y,0.001661,2,0,6.446,52.8
Story20,ED1_DYN_YN,Combination,Min,None,Y,0.002065,2,0,6.446,52.8
Story20,ED1_DYN_09_XP,Combination,Max,None,X,0.001321,15,27.834,0,52.8
Story20,ED1_DYN_09_XP,Combination,Max,None,Y,0.001268,22,38.505,13.821,52.8
Story20,ED1_DYN_09_XP,Combination,Min,None,X,0.001284,15,27.834,0,52.8
Story20,ED1_DYN_09_XP,Combination,Min,None,Y,0.001314,2,0,6.446,52.8
Story20,ED1_DYN_09_XN,Combination,Max,None,X,0.001321,15,27.834,0,52.8
Story20,ED1_DYN_09_XN,Combination,Max,None,Y,0.001268,22,38.505,13.821,52.8
Story20,ED1_DYN_09_XN,Combination,Min,None,X,0.001284,15,27.834,0,52.8
Story20,ED1_DYN_09_XN,Combination,Min,None,Y,0.001314,2,0,6.446,52.8
Story20,ED1_DYN_09_YP,Combination,Max,None,Y,0.001744,2,0,6.446,52.8
Story20,ED1_DYN_09_YP,Combination,Min,None,Y,0.001982,2,0,6.446,52.8
Story20,ED1_DYN_09_YN,Combination,Max,None,Y,0.001744,2,0,6.446,52.8
Story20,ED1_DYN_09_YN,Combination,Min,None,Y,0.001982,2,0,6.446,52.8
Story19,Dead,LinStatic,None,None,Y,0.000106,2,0,6.446,50.2
Story19,MODAL,LinModEigen,Mode,1,X,4.593E-07,15,27.834,0,50.2
Story19,MODAL,LinModEigen,Mode,2,Y,1E-06,2,0,6.446,50.2
Story19,MODAL,LinModEigen,Mode,3,X,4.433E-07,53,25.115,13.821,50.2
Story19,MODAL,LinModEigen,Mode,3,Y,1E-06,22,38.505,13.821,50.2
Story19,MODAL,LinModEigen,Mode,4,X,2E-06,15,27.834,0,50.2
Story19,MODAL,LinModEigen,Mode,5,Y,2E-06,2,0,6.446,50.2
Story19,MODAL,LinModEigen,Mode,6,X,1E-06,53,25.115,13.821,50.2
Story19,MODAL,LinModEigen,Mode,6,Y,2E-06,2,0,6.446,50.2
Story19,MODAL,LinModEigen,Mode,7,X,3E-06,15,27.834,0,50.2
Story19,MODAL,LinModEigen,Mode,8,Y,2E-06,2,0,6.446,50.2
Story19,MODAL,LinModEigen,Mode,9,X,2E-06,53,25.115,13.821,50.2
Story19,MODAL,LinModEigen,Mode,9,Y,4E-06,2,0,6.446,50.2
Story19,MODAL,LinModEigen,Mode,10,X,4E-06,15,27.834,0,50.2
Story19,MODAL,LinModEigen,Mode,11,Y,3E-06,2,0,6.446,50.2
Story19,MODAL,LinModEigen,Mode,12,X,2E-06,53,25.115,13.821,50.2
Story19,PP,LinStatic,None,None,Y,0.000106,2,0,6.446,50.2
Story19,TERP,LinStatic,None,None,Y,2.4E-05,2,0,6.446,50.2
Story19,TERT,LinStatic,None,None,Y,2E-06,2,0,6.446,50.2
Story19,SCP,LinStatic,None,None,Y,4.3E-05,2,0,6.446,50.2
Story19,SCT,LinStatic,None,None,Y,2E-06,2,0,6.446,50.2
Story19,SEx,LinRespSpec,Max,None,X,0.000945,15,27.834,0,50.2
Story19,SEx,LinRespSpec,Max,None,Y,0.000928,22,38.505,13.821,50.2
Story19,SEy,LinRespSpec,Max,None,Y,0.00134,2,0,6.446,50.2
Story19,SEx_b2,LinRespSpec,Max,None,X,0.000904,15,27.834,0,50.2
Story19,SEx_b2,LinRespSpec,Max,None,Y,0.000833,22,38.505,13.821,50.2
Story19,SEy_b2,LinRespSpec,Max,None,Y,0.001054,2,0,6.446,50.2
Story19,ED1_C1_1.4CP,Combination,None,None,Y,0.000184,2,0,6.446,50.2
Story19,ED1_C2_1.2CP_1.6L_0.5Lr,Combination,None,None,Y,0.000227,2,0,6.446,50.2
Story19,ED1_C3_1.2CP_L_1.6Lr,Combination,None,None,Y,0.000203,2,0,6.446,50.2
Story19,ED1_DYN_XP,Combination,Max,None,X,0.001354,15,27.834,0,50.2
Story19,ED1_DYN_XP,Combination,Max,None,Y,0.001263,22,38.505,13.821,50.2
Story19,ED1_DYN_XP,Combination,Min,None,X,0.001292,15,27.834,0,50.2
Story19,ED1_DYN_XP,Combination,Min,None,Y,0.001404,2,0,6.446,50.2
Story19,ED1_DYN_XN,Combination,Max,None,X,0.001354,15,27.834,0,50.2
Story19,ED1_DYN_XN,Combination,Max,None,Y,0.001263,22,38.505,13.821,50.2
Story19,ED1_DYN_XN,Combination,Min,None,X,0.001292,15,27.834,0,50.2
Story19,ED1_DYN_XN,Combination,Min,None,Y,0.001404,2,0,6.446,50.2
Story19,ED1_DYN_YP,Combination,Max,None,Y,0.001675,2,0,6.446,50.2
Story19,ED1_DYN_YP,Combination,Min,None,Y,0.002076,2,0,6.446,50.2
Story19,ED1_DYN_YN,Combination,Max,None,Y,0.001675,2,0,6.446,50.2
Story19,ED1_DYN_YN,Combination,Min,None,Y,0.002076,2,0,6.446,50.2
Story19,ED1_DYN_09_XP,Combination,Max,None,X,0.001342,15,27.834,0,50.2
Story19,ED1_DYN_09_XP,Combination,Max,None,Y,0.001277,22,38.505,13.821,50.2
Story19,ED1_DYN_09_XP,Combination,Min,None,X,0.001305,15,27.834,0,50.2
Story19,ED1_DYN_09_XP,Combination,Min,None,Y,0.001321,2,0,6.446,50.2
Story19,ED1_DYN_09_XN,Combination,Max,None,X,0.001342,15,27.834,0,50.2
Story19,ED1_DYN_09_XN,Combination,Max,None,Y,0.001277,22,38.505,13.821,50.2
Story19,ED1_DYN_09_XN,Combination,Min,None,X,0.001305,15,27.834,0,50.2
Story19,ED1_DYN_09_XN,Combination,Min,None,Y,0.001321,2,0,6.446,50.2
Story19,ED1_DYN_09_YP,Combination,Max,None,Y,0.001757,2,0,6.446,50.2
Story19,ED1_DYN_09_YP,Combination,Min,None,Y,0.001994,2,0,6.446,50.2
Story19,ED1_DYN_09_YN,Combination,Max,None,Y,0.001757,2,0,6.446,50.2
Story19,ED1_DYN_09_YN,Combination,Min,None,Y,0.001994,2,0,6.446,50.2
Story18,Dead,LinStatic,None,None,Y,0.000105,2,0,6.446,47.6
Story18,MODAL,LinModEigen,Mode,1,X,4.656E-07,15,27.834,0,47.6
Story18,MODAL,LinModEigen,Mode,2,Y,1E-06,2,0,6.446,47.6
Story18,MODAL,LinModEigen,Mode,3,X,4.493E-07,53,25.115,13.821,47.6
Story18,MODAL,LinModEigen,Mode,3,Y,1E-06,22,38.505,13.821,47.6
Story18,MODAL,LinModEigen,Mode,4,X,2E-06,15,27.834,0,47.6
Story18,MODAL,LinModEigen,Mode,5,Y,2E-06,2,0,6.446,47.6
Story18,MODAL,LinModEigen,Mode,6,X,1E-06,53,25.115,13.821,47.6
Story18,MODAL,LinModEigen,Mode,6,Y,2E-06,2,0,6.446,47.6
Story18,MODAL,LinModEigen,Mode,7,X,3E-06,15,27.834,0,47.6
Story18,MODAL,LinModEigen,Mode,8,Y,2E-06,2,0,6.446,47.6
Story18,MODAL,LinModEigen,Mode,9,X,2E-06,53,25.115,13.821,47.6
Story18,MODAL,LinModEigen,Mode,9,Y,4E-06,2,0,6.446,47.6
Story18,MODAL,LinModEigen,Mode,10,X,3E-06,15,27.834,0,47.6
Story18,MODAL,LinModEigen,Mode,11,Y,3E-06,2,0,6.446,47.6
Story18,MODAL,LinModEigen,Mode,12,X,2E-06,53,25.115,13.821,47.6
Story18,PP,LinStatic,None,None,Y,0.000105,2,0,6.446,47.6
Story18,TERP,LinStatic,None,None,Y,2.4E-05,2,0,6.446,47.6
Story18,TERT,LinStatic,None,None,Y,2E-06,2,0,6.446,47.6
Story18,SCP,LinStatic,None,None,Y,4.3E-05,2,0,6.446,47.6
Story18,SCT,LinStatic,None,None,Y,2E-06,2,0,6.446,47.6
Story18,SEx,LinRespSpec,Max,None,X,0.00096,15,27.834,0,47.6
Story18,SEx,LinRespSpec,Max,None,Y,0.000934,22,38.505,13.821,47.6
Story18,SEy,LinRespSpec,Max,None,Y,0.001347,2,0,6.446,47.6
Story18,SEx_b2,LinRespSpec,Max,None,X,0.000919,15,27.834,0,47.6
Story18,SEx_b2,LinRespSpec,Max,None,Y,0.000838,22,38.505,13.821,47.6
Story18,SEy_b2,LinRespSpec,Max,None,Y,0.00106,2,0,6.446,47.6
Story18,ED1_C1_1.4CP,Combination,None,None,Y,0.000182,2,0,6.446,47.6
Story18,ED1_C2_1.2CP_1.6L_0.5Lr,Combination,None,None,Y,0.000225,2,0,6.446,47.6
Story18,ED1_C3_1.2CP_L_1.6Lr,Combination,None,None,Y,0.000201,2,0,6.446,47.6
Story18,ED1_DYN_XP,Combination,Max,None,X,0.001375,15,27.834,0,47.6
Story18,ED1_DYN_XP,Combination,Max,None,Y,0.001272,22,38.505,13.821,47.6
Story18,ED1_DYN_XP,Combination,Min,None,X,0.001314,15,27.834,0,47.6
Story18,ED1_DYN_XP,Combination,Min,None,Y,0.001409,2,0,6.446,47.6
Story18,ED1_DYN_XN,Combination,Max,None,X,0.001375,15,27.834,0,47.6
Story18,ED1_DYN_XN,Combination,Max,None,Y,0.001272,22,38.505,13.821,47.6
Story18,ED1_DYN_XN,Combination,Min,None,X,0.001314,15,27.834,0,47.6
Story18,ED1_DYN_XN,Combination,Min,None,Y,0.001409,2,0,6.446,47.6
Story18,ED1_DYN_YP,Combination,Max,None,Y,0.001688,2,0,6.446,47.6
Story18,ED1_DYN_YP,Combination,Min,None,Y,0.002085,2,0,6.446,47.6
Story18,ED1_DYN_YN,Combination,Max,None,Y,0.001688,2,0,6.446,47.6
Story18,ED1_DYN_YN,Combination,Min,None,Y,0.002085,2,0,6.446,47.6
Story18,ED1_DYN_09_XP,Combination,Max,None,X,0.001362,15,27.834,0,47.6
Story18,ED1_DYN_09_XP,Combination,Max,None,Y,0.001286,22,38.505,13.821,47.6
Story18,ED1_DYN_09_XP,Combination,Min,None,X,0.001326,15,27.834,0,47.6
Story18,ED1_DYN_09_XP,Combination,Min,None,Y,0.001328,22,38.505,13.821,47.6
Story18,ED1_DYN_09_XN,Combination,Max,None,X,0.001362,15,27.834,0,47.6
Story18,ED1_DYN_09_XN,Combination,Max,None,Y,0.001286,22,38.505,13.821,47.6
Story18,ED1_DYN_09_XN,Combination,Min,None,X,0.001326,15,27.834,0,47.6
Story18,ED1_DYN_09_XN,Combination,Min,None,Y,0.001328,22,38.505,13.821,47.6
Story18,ED1_DYN_09_YP,Combination,Max,None,Y,0.001769,2,0,6.446,47.6
Story18,ED1_DYN_09_YP,Combination,Min,None,Y,0.002003,2,0,6.446,47.6
Story18,ED1_DYN_09_YN,Combination,Max,None,Y,0.001769,2,0,6.446,47.6
Story18,ED1_DYN_09_YN,Combination,Min,None,Y,0.002003,2,0,6.446,47.6
Story17,Dead,LinStatic,None,None,Y,0.000103,2,0,6.446,45
Story17,MODAL,LinModEigen,Mode,1,X,4.722E-07,15,27.834,0,45
Story17,MODAL,LinModEigen,Mode,2,Y,1E-06,2,0,6.446,45
Story17,MODAL,LinModEigen,Mode,3,X,4.555E-07,53,25.115,13.821,45
Story17,MODAL,LinModEigen,Mode,3,Y,1E-06,22,38.505,13.821,45
Story17,MODAL,LinModEigen,Mode,4,X,2E-06,15,27.834,0,45
Story17,MODAL,LinModEigen,Mode,5,Y,2E-06,2,0,6.446,45
Story17,MODAL,LinModEigen,Mode,6,X,1E-06,53,25.115,13.821,45
Story17,MODAL,LinModEigen,Mode,6,Y,2E-06,2,0,6.446,45
Story17,MODAL,LinModEigen,Mode,7,X,2E-06,15,27.834,0,45
Story17,MODAL,LinModEigen,Mode,8,Y,2E-06,2,0,6.446,45
Story17,MODAL,LinModEigen,Mode,9,X,2E-06,53,25.115,13.821,45
Story17,MODAL,LinModEigen,Mode,9,Y,3E-06,2,0,6.446,45
Story17,MODAL,LinModEigen,Mode,10,X,2E-06,15,27.834,0,45
Story17,MODAL,LinModEigen,Mode,11,Y,2E-06,2,0,6.446,45
Story17,MODAL,LinModEigen,Mode,12,X,1E-06,53,25.115,13.821,45
Story17,PP,LinStatic,None,None,Y,0.000103,2,0,6.446,45
Story17,TERP,LinStatic,None,None,Y,2.4E-05,2,0,6.446,45
Story17,TERT,LinStatic,None,None,Y,1E-06,2,0,6.446,45
Story17,SCP,LinStatic,None,None,Y,4.2E-05,2,0,6.446,45
Story17,SCT,LinStatic,None,None,Y,1E-06,2,0,6.446,45
Story17,SEx,LinRespSpec,Max,None,X,0.000975,15,27.834,0,45
Story17,SEx,LinRespSpec,Max,None,Y,0.000938,22,38.505,13.821,45
Story17,SEy,LinRespSpec,Max,None,Y,0.001353,2,0,6.446,45
Story17,SEx_b2,LinRespSpec,Max,None,X,0.000934,15,27.834,0,45
Story17,SEx_b2,LinRespSpec,Max,None,Y,0.000842,22,38.505,13.821,45
Story17,SEy_b2,LinRespSpec,Max,None,Y,0.001065,2,0,6.446,45
Story17,ED1_C1_1.4CP,Combination,None,None,Y,0.000179,2,0,6.446,45
Story17,ED1_C2_1.2CP_1.6L_0.5Lr,Combination,None,None,Y,0.000222,2,0,6.446,45
Story17,ED1_C3_1.2CP_L_1.6Lr,Combination,None,None,Y,0.000198,2,0,6.446,45
Story17,ED1_DYN_XP,Combination,Max,None,X,0.001395,15,27.834,0,45
Story17,ED1_DYN_XP,Combination,Max,None,Y,0.001279,22,38.505,13.821,45
Story17,ED1_DYN_XP,Combination,Min,None,X,0.001335,15,27.834,0,45
Story17,ED1_DYN_XP,Combination,Min,None,Y,0.001411,1,0,0.701,45
Story17,ED1_DYN_XN,Combination,Max,None,X,0.001395,15,27.834,0,45
Story17,ED1_DYN_XN,Combination,Max,None,Y,0.001279,22,38.505,13.821,45
Story17,ED1_DYN_XN,Combination,Min,None,X,0.001335,15,27.834,0,45
Story17,ED1_DYN_XN,Combination,Min,None,Y,0.001411,1,0,0.701,45
Story17,ED1_DYN_YP,Combination,Max,None,Y,0.001698,2,0,6.446,45
Story17,ED1_DYN_YP,Combination,Min,None,X,0.000274,53,25.115,13.821,45
Story17,ED1_DYN_YP,Combination,Min,None,Y,0.002089,2,0,6.446,45
Story17,ED1_DYN_YN,Combination,Max,None,Y,0.001698,2,0,6.446,45
Story17,ED1_DYN_YN,Combination,Min,None,X,0.000274,53,25.115,13.821,45
Story17,ED1_DYN_YN,Combination,Min,None,Y,0.002089,2,0,6.446,45
Story17,ED1_DYN_09_XP,Combination,Max,None,X,0.001383,15,27.834,0,45
Story17,ED1_DYN_09_XP,Combination,Max,None,Y,0.001293,22,38.505,13.821,45
Story17,ED1_DYN_09_XP,Combination,Min,None,X,0.001347,15,27.834,0,45
Story17,ED1_DYN_09_XP,Combination,Min,None,Y,0.001334,22,38.505,13.821,45
Story17,ED1_DYN_09_XN,Combination,Max,None,X,0.001383,15,27.834,0,45
Story17,ED1_DYN_09_XN,Combination,Max,None,Y,0.001293,22,38.505,13.821,45
Story17,ED1_DYN_09_XN,Combination,Min,None,X,0.001347,15,27.834,0,45
Story17,ED1_DYN_09_XN,Combination,Min,None,Y,0.001334,22,38.505,13.821,45
Story17,ED1_DYN_09_YP,Combination,Max,None,X,0.00023,53,25.115,13.821,45
Story17,ED1_DYN_09_YP,Combination,Max,None,Y,0.001778,2,0,6.446,45
Story17,ED1_DYN_09_YP,Combination,Min,None,Y,0.002009,2,0,6.446,45
Story17,ED1_DYN_09_YN,Combination,Max,None,X,0.00023,53,25.115,13.821,45
Story17,ED1_DYN_09_YN,Combination,Max,None,Y,0.001778,2,0,6.446,45
Story17,ED1_DYN_09_YN,Combination,Min,None,Y,0.002009,2,0,6.446,45
Story16,Dead,LinStatic,None,None,Y,0.000101,2,0,6.446,42.4
Story16,MODAL,LinModEigen,Mode,1,X,4.782E-07,15,27.834,0,42.4
Story16,MODAL,LinModEigen,Mode,2,Y,1E-06,2,0,6.446,42.4
Story16,MODAL,LinModEigen,Mode,3,X,4.61E-07,53,25.115,13.821,42.4
Story16,MODAL,LinModEigen,Mode,3,Y,1E-06,22,38.505,13.821,42.4
Story16,MODAL,LinModEigen,Mode,4,X,2E-06,15,27.834,0,42.4
Story16,MODAL,LinModEigen,Mode,5,Y,1E-06,2,0,6.446,42.4
Story16,MODAL,LinModEigen,Mode,6,X,1E-06,53,25.115,13.821,42.4
Story16,MODAL,LinModEigen,Mode,6,Y,2E-06,2,0,6.446,42.4
Story16,MODAL,LinModEigen,Mode,7,X,2E-06,15,27.834,0,42.4
Story16,MODAL,LinModEigen,Mode,8,Y,1E-06,2,0,6.446,42.4
Story16,MODAL,LinModEigen,Mode,9,X,1E-06,53,25.115,13.821,42.4
Story16,MODAL,LinModEigen,Mode,9,Y,2E-06,2,0,6.446,42.4
Story16,MODAL,LinModEigen,Mode,10,X,1.51E-07,15,27.834,0,42.4
Story16,MODAL,LinModEigen,Mode,11,Y,1.636E-07,2,0,6.446,42.4
Story16,MODAL,LinModEigen,Mode,12,X,1.226E-07,53,25.115,13.821,42.4
Story16,MODAL,LinModEigen,Mode,12,Y,1.917E-07,2,0,6.446,42.4
Story16,PP,LinStatic,None,None,Y,0.000101,2,0,6.446,42.4
Story16,TERP,LinStatic,None,None,Y,2.3E-05,2,0,6.446,42.4
Story16,TERT,LinStatic,None,None,Y,1E-06,2,0,6.446,42.4
Story16,SCP,LinStatic,None,None,Y,4.1E-05,2,0,6.446,42.4
Story16,SCT,LinStatic,None,None,Y,1E-06,2,0,6.446,42.4
Story16,SEx,LinRespSpec,Max,None,X,0.000987,15,27.834,0,42.4
Story16,SEx,LinRespSpec,Max,None,Y,0.00094,22,38.505,13.821,42.4
Story16,SEy,LinRespSpec,Max,None,X,0.000177,53,25.115,13.821,42.4
Story16,SEy,LinRespSpec,Max,None,Y,0.001353,2,0,6.446,42.4
Story16,SEx_b2,LinRespSpec,Max,None,X,0.000946,15,27.834,0,42.4
Story16,SEx_b2,LinRespSpec,Max,None,Y,0.000845,22,38.505,13.821,42.4
Story16,SEy_b2,LinRespSpec,Max,None,Y,0.001066,2,0,6.446,42.4
Story16,ED1_C1_1.4CP,Combination,None,None,Y,0.000175,2,0,6.446,42.4
Story16,ED1_C2_1.2CP_1.6L_0.5Lr,Combination,None,None,Y,0.000217,2,0,6.446,42.4
Story16,ED1_C3_1.2CP_L_1.6Lr,Combination,None,None,Y,0.000194,2,0,6.446,42.4
Story16,ED1_DYN_XP,Combination,Max,None,X,0.001412,15,27.834,0,42.4
Story16,ED1_DYN_XP,Combination,Max,None,Y,0.001283,22,38.505,13.821,42.4
Story16,ED1_DYN_XP,Combination,Min,None,X,0.001353,15,27.834,0,42.4
Story16,ED1_DYN_XP,Combination,Min,None,Y,0.001408,2,0,6.446,42.4
Story16,ED1_DYN_XN,Combination,Max,None,X,0.001412,15,27.834,0,42.4
Story16,ED1_DYN_XN,Combination,Max,None,Y,0.001283,22,38.505,13.821,42.4
Story16,ED1_DYN_XN,Combination,Min,None,X,0.001353,15,27.834,0,42.4
Story16,ED1_DYN_XN,Combination,Min,None,Y,0.001408,2,0,6.446,42.4
Story16,ED1_DYN_YP,Combination,Max,None,X,0.00022,53,25.115,13.821,42.4
Story16,ED1_DYN_YP,Combination,Max,None,Y,0.001703,2,0,6.446,42.4
Story16,ED1_DYN_YP,Combination,Min,None,X,0.000275,53,25.115,13.821,42.4
Story16,ED1_DYN_YP,Combination,Min,None,Y,0.002086,2,0,6.446,42.4
Story16,ED1_DYN_YN,Combination,Max,None,X,0.00022,53,25.115,13.821,42.4
Story16,ED1_DYN_YN,Combination,Max,None,Y,0.001703,2,0,6.446,42.4
Story16,ED1_DYN_YN,Combination,Min,None,X,0.000275,53,25.115,13.821,42.4
Story16,ED1_DYN_YN,Combination,Min,None,Y,0.002086,2,0,6.446,42.4
Story16,ED1_DYN_09_XP,Combination,Max,None,X,0.0014,15,27.834,0,42.4
Story16,ED1_DYN_09_XP,Combination,Max,None,Y,0.001296,22,38.505,13.821,42.4
Story16,ED1_DYN_09_XP,Combination,Min,None,X,0.001365,15,27.834,0,42.4
Story16,ED1_DYN_09_XP,Combination,Min,None,Y,0.001337,22,38.505,13.821,42.4
Story16,ED1_DYN_09_XN,Combination,Max,None,X,0.0014,15,27.834,0,42.4
Story16,ED1_DYN_09_XN,Combination,Max,None,Y,0.001296,22,38.505,13.821,42.4
Story16,ED1_DYN_09_XN,Combination,Min,None,X,0.001365,15,27.834,0,42.4
Story16,ED1_DYN_09_XN,Combination,Min,None,Y,0.001337,22,38.505,13.821,42.4
Story16,ED1_DYN_09_YP,Combination,Max,None,X,0.000231,53,25.115,13.821,42.4
Story16,ED1_DYN_09_YP,Combination,Max,None,Y,0.001782,2,0,6.446,42.4
Story16,ED1_DYN_09_YP,Combination,Min,None,X,0.000263,53,25.115,13.821,42.4
Story16,ED1_DYN_09_YP,Combination,Min,None,Y,0.002007,2,0,6.446,42.4
Story16,ED1_DYN_09_YN,Combination,Max,None,X,0.000231,53,25.115,13.821,42.4
Story16,ED1_DYN_09_YN,Combination,Max,None,Y,0.001782,2,0,6.446,42.4
Story16,ED1_DYN_09_YN,Combination,Min,None,X,0.000263,53,25.115,13.821,42.4
Story16,ED1_DYN_09_YN,Combination,Min,None,Y,0.002007,2,0,6.446,42.4
Story15,Dead,LinStatic,None,None,Y,9.8E-05,2,0,6.446,39.8
Story15,MODAL,LinModEigen,Mode,1,X,4.827E-07,15,27.834,0,39.8
Story15,MODAL,LinModEigen,Mode,2,Y,1E-06,2,0,6.446,39.8
Story15,MODAL,LinModEigen,Mode,3,X,4.652E-07,53,25.115,13.821,39.8
Story15,MODAL,LinModEigen,Mode,3,Y,1E-06,22,38.505,13.821,39.8
Story15,MODAL,LinModEigen,Mode,4,X,1E-06,15,27.834,0,39.8
Story15,MODAL,LinModEigen,Mode,5,Y,1E-06,2,0,6.446,39.8
Story15,MODAL,LinModEigen,Mode,6,X,1E-06,53,25.115,13.821,39.8
Story15,MODAL,LinModEigen,Mode,6,Y,2E-06,2,0,6.446,39.8
Story15,MODAL,LinModEigen,Mode,7,X,1E-06,15,27.834,0,39.8
Story15,MODAL,LinModEigen,Mode,8,Y,1E-06,2,0,6.446,39.8
Story15,MODAL,LinModEigen,Mode,9,X,1E-06,53,25.115,13.821,39.8
Story15,MODAL,LinModEigen,Mode,9,Y,1E-06,2,0,6.446,39.8
Story15,MODAL,LinModEigen,Mode,10,X,1E-06,15,27.834,0,39.8
Story15,MODAL,LinModEigen,Mode,11,Y,1E-06,2,0,6.446,39.8
Story15,MODAL,LinModEigen,Mode,12,X,1E-06,53,25.115,13.821,39.8
Story15,PP,LinStatic,None,None,Y,9.8E-05,2,0,6.446,39.8
Story15,TERP,LinStatic,None,None,Y,2.2E-05,2,0,6.446,39.8
Story15,TERT,LinStatic,None,None,Y,1E-06,2,0,6.446,39.8
Story15,SCP,LinStatic,None,None,Y,4E-05,2,0,6.446,39.8
Story15,SCT,LinStatic,None,None,Y,1E-06,2,0,6.446,39.8
Story15,SEx,LinRespSpec,Max,None,X,0.000996,15,27.834,0,39.8
Story15,SEx,LinRespSpec,Max,None,Y,0.000939,22,38.505,13.821,39.8
Story15,SEy,LinRespSpec,Max,None,X,0.000177,53,25.115,13.821,39.8
Story15,SEy,LinRespSpec,Max,None,Y,0.001348,2,0,6.446,39.8
Story15,SEx_b2,LinRespSpec,Max,None,X,0.000955,15,27.834,0,39.8
Story15,SEx_b2,LinRespSpec,Max,None,Y,0.000843,22,38.505,13.821,39.8
Story15,SEy_b2,LinRespSpec,Max,None,Y,0.001062,2,0,6.446,39.8
Story15,ED1_C1_1.4CP,Combination,None,None,Y,0.00017,2,0,6.446,39.8
Story15,ED1_C2_1.2CP_1.6L_0.5Lr,Combination,None,None,Y,0.000211,2,0,6.446,39.8
Story15,ED1_C3_1.2CP_L_1.6Lr,Combination,None,None,Y,0.000188,2,0,6.446,39.8
Story15,ED1_DYN_XP,Combination,Max,None,X,0.001423,15,27.834,0,39.8
Story15,ED1_DYN_XP,Combination,Max,None,Y,0.001282,22,38.505,13.821,39.8
Story15,ED1_DYN_XP,Combination,Min,None,X,0.001366,15,27.834,0,39.8
Story15,ED1_DYN_XP,Combination,Min,None,Y,0.0014,2,0,6.446,39.8
Story15,ED1_DYN_XN,Combination,Max,None,X,0.001423,15,27.834,0,39.8
Story15,ED1_DYN_XN,Combination,Max,None,Y,0.001282,22,38.505,13.821,39.8
Story15,ED1_DYN_XN,Combination,Min,None,X,0.001366,15,27.834,0,39.8
Story15,ED1_DYN_XN,Combination,Min,None,Y,0.0014,2,0,6.446,39.8
Story15,ED1_DYN_YP,Combination,Max,None,X,0.00022,53,25.115,13.821,39.8
Story15,ED1_DYN_YP,Combination,Max,None,Y,0.001701,2,0,6.446,39.8
Story15,ED1_DYN_YP,Combination,Min,None,X,0.000274,53,25.115,13.821,39.8
Story15,ED1_DYN_YP,Combination,Min,None,Y,0.002074,2,0,6.446,39.8
Story15,ED1_DYN_YN,Combination,Max,None,X,0.00022,53,25.115,13.821,39.8
Story15,ED1_DYN_YN,Combination,Max,None,Y,0.001701,2,0,6.446,39.8
Story15,ED1_DYN_YN,Combination,Min,None,X,0.000274,53,25.115,13.821,39.8
Story15,ED1_DYN_YN,Combination,Min,None,Y,0.002074,2,0,6.446,39.8
Story15,ED1_DYN_09_XP,Combination,Max,None,X,0.001411,15,27.834,0,39.8
Story15,ED1_DYN_09_XP,Combination,Max,None,Y,0.001295,22,38.505,13.821,39.8
Story15,ED1_DYN_09_XP,Combination,Min,None,X,0.001378,15,27.834,0,39.8
Story15,ED1_DYN_09_XP,Combination,Min,None,Y,0.001334,22,38.505,13.821,39.8
Story15,ED1_DYN_09_XN,Combination,Max,None,X,0.001411,15,27.834,0,39.8
Story15,ED1_DYN_09_XN,Combination,Max,None,Y,0.001295,22,38.505,13.821,39.8
Story15,ED1_DYN_09_XN,Combination,Min,None,X,0.001378,15,27.834,0,39.8
Story15,ED1_DYN_09_XN,Combination,Min,None,Y,0.001334,22,38.505,13.821,39.8
Story15,ED1_DYN_09_YP,Combination,Max,None,X,0.000232,53,25.115,13.821,39.8
Story15,ED1_DYN_09_YP,Combination,Max,None,Y,0.001778,2,0,6.446,39.8
Story15,ED1_DYN_09_YP,Combination,Min,None,X,0.000263,53,25.115,13.821,39.8
Story15,ED1_DYN_09_YP,Combination,Min,None,Y,0.001997,2,0,6.446,39.8
Story15,ED1_DYN_09_YN,Combination,Max,None,X,0.000232,53,25.115,13.821,39.8
Story15,ED1_DYN_09_YN,Combination,Max,None,Y,0.001778,2,0,6.446,39.8
Story15,ED1_DYN_09_YN,Combination,Min,None,X,0.000263,53,25.115,13.821,39.8
Story15,ED1_DYN_09_YN,Combination,Min,None,Y,0.001997,2,0,6.446,39.8
Story14,Dead,LinStatic,None,None,Y,9.5E-05,2,0,6.446,37.2
Story14,MODAL,LinModEigen,Mode,1,X,4.851E-07,15,27.834,0,37.2
Story14,MODAL,LinModEigen,Mode,2,Y,1E-06,2,0,6.446,37.2
Story14,MODAL,LinModEigen,Mode,3,X,4.673E-07,53,25.115,13.821,37.2
Story14,MODAL,LinModEigen,Mode,3,Y,1E-06,22,38.505,13.821,37.2
Story14,MODAL,LinModEigen,Mode,4,X,1E-06,15,27.834,0,37.2
Story14,MODAL,LinModEigen,Mode,5,Y,1E-06,2,0,6.446,37.2
Story14,MODAL,LinModEigen,Mode,6,X,1E-06,53,25.115,13.821,37.2
Story14,MODAL,LinModEigen,Mode,6,Y,2E-06,2,0,6.446,37.2
Story14,MODAL,LinModEigen,Mode,7,X,5.195E-08,15,27.834,0,37.2
Story14,MODAL,LinModEigen,Mode,8,Y,5.118E-08,22,38.505,13.821,37.2
Story14,MODAL,LinModEigen,Mode,9,X,4.498E-08,15,27.834,0,37.2
Story14,MODAL,LinModEigen,Mode,9,Y,1.202E-07,22,38.505,13.821,37.2
Story14,MODAL,LinModEigen,Mode,10,X,3E-06,15,27.834,0,37.2
Story14,MODAL,LinModEigen,Mode,11,Y,2E-06,2,0,6.446,37.2
Story14,MODAL,LinModEigen,Mode,12,X,2E-06,53,25.115,13.821,37.2
Story14,PP,LinStatic,None,None,Y,9.5E-05,2,0,6.446,37.2
Story14,TERP,LinStatic,None,None,Y,2.2E-05,2,0,6.446,37.2
Story14,TERT,LinStatic,None,None,Y,1E-06,2,0,6.446,37.2
Story14,SCP,LinStatic,None,None,Y,3.9E-05,2,0,6.446,37.2
Story14,SCT,LinStatic,None,None,Y,1E-06,2,0,6.446,37.2
Story14,SEx,LinRespSpec,Max,None,X,0.001,15,27.834,0,37.2
Story14,SEx,LinRespSpec,Max,None,Y,0.000933,22,38.505,13.821,37.2
Story14,SEy,LinRespSpec,Max,None,X,0.000176,53,25.115,13.821,37.2
Story14,SEy,LinRespSpec,Max,None,Y,0.001336,2,0,6.446,37.2
Story14,SEx_b2,LinRespSpec,Max,None,X,0.000959,15,27.834,0,37.2
Story14,SEx_b2,LinRespSpec,Max,None,Y,0.000838,22,38.505,13.821,37.2
Story14,SEy_b2,LinRespSpec,Max,None,Y,0.001053,2,0,6.446,37.2
Story14,ED1_C1_1.4CP,Combination,None,None,Y,0.000165,2,0,6.446,37.2
Story14,ED1_C2_1.2CP_1.6L_0.5Lr,Combination,None,None,Y,0.000204,2,0,6.446,37.2
Story14,ED1_C3_1.2CP_L_1.6Lr,Combination,None,None,Y,0.000182,2,0,6.446,37.2
Story14,ED1_DYN_XP,Combination,Max,None,X,0.001427,15,27.834,0,37.2
Story14,ED1_DYN_XP,Combination,Max,None,Y,0.001275,22,38.505,13.821,37.2
Story14,ED1_DYN_XP,Combination,Min,None,X,0.001373,15,27.834,0,37.2
Story14,ED1_DYN_XP,Combination,Min,None,Y,0.001385,2,0,6.446,37.2
Story14,ED1_DYN_XN,Combination,Max,None,X,0.001427,15,27.834,0,37.2
Story14,ED1_DYN_XN,Combination,Max,None,Y,0.001275,22,38.505,13.821,37.2
Story14,ED1_DYN_XN,Combination,Min,None,X,0.001373,15,27.834,0,37.2
Story14,ED1_DYN_XN,Combination,Min,None,Y,0.001385,2,0,6.446,37.2
Story14,ED1_DYN_YP,Combination,Max,None,X,0.00022,53,25.115,13.821,37.2
Story14,ED1_DYN_YP,Combination,Max,None,Y,0.001691,2,0,6.446,37.2
Story14,ED1_DYN_YP,Combination,Min,None,X,0.000272,53,25.115,13.821,37.2
Story14,ED1_DYN_YP,Combination,Min,None,Y,0.002051,2,0,6.446,37.2
Story14,ED1_DYN_YN,Combination,Max,None,X,0.00022,53,25.115,13.821,37.2
Story14,ED1_DYN_YN,Combination,Max,None,Y,0.001691,2,0,6.446,37.2
Story14,ED1_DYN_YN,Combination,Min,None,X,0.000272,53,25.115,13.821,37.2
Story14,ED1_DYN_YN,Combination,Min,None,Y,0.002051,2,0,6.446,37.2
Story14,ED1_DYN_09_XP,Combination,Max,None,X,0.001416,15,27.834,0,37.2
Story14,ED1_DYN_09_XP,Combination,Max,None,Y,0.001287,22,38.505,13.821,37.2
Story14,ED1_DYN_09_XP,Combination,Min,None,X,0.001384,15,27.834,0,37.2
Story14,ED1_DYN_09_XP,Combination,Min,None,Y,0.001324,22,38.505,13.821,37.2
Story14,ED1_DYN_09_XN,Combination,Max,None,X,0.001416,15,27.834,0,37.2
Story14,ED1_DYN_09_XN,Combination,Max,None,Y,0.001287,22,38.505,13.821,37.2
Story14,ED1_DYN_09_XN,Combination,Min,None,X,0.001384,15,27.834,0,37.2
Story14,ED1_DYN_09_XN,Combination,Min,None,Y,0.001324,22,38.505,13.821,37.2
Story14,ED1_DYN_09_YP,Combination,Max,None,X,0.000231,53,25.115,13.821,37.2
Story14,ED1_DYN_09_YP,Combination,Max,None,Y,0.001765,2,0,6.446,37.2
Story14,ED1_DYN_09_YP,Combination,Min,None,X,0.000261,53,25.115,13.821,37.2
Story14,ED1_DYN_09_YP,Combination,Min,None,Y,0.001977,2,0,6.446,37.2
Story14,ED1_DYN_09_YN,Combination,Max,None,X,0.000231,53,25.115,13.821,37.2
Story14,ED1_DYN_09_YN,Combination,Max,None,Y,0.001765,2,0,6.446,37.2
Story14,ED1_DYN_09_YN,Combination,Min,None,X,0.000261,53,25.115,13.821,37.2
Story14,ED1_DYN_09_YN,Combination,Min,None,Y,0.001977,2,0,6.446,37.2
Story13,Dead,LinStatic,None,None,Y,9.1E-05,2,0,6.446,34.6
Story13,MODAL,LinModEigen,Mode,1,X,4.848E-07,15,27.834,0,34.6
Story13,MODAL,LinModEigen,Mode,2,Y,1E-06,2,0,6.446,34.6
Story13,MODAL,LinModEigen,Mode,3,X,4.667E-07,53,25.115,13.821,34.6
Story13,MODAL,LinModEigen,Mode,3,Y,1E-06,22,38.505,13.821,34.6
Story13,MODAL,LinModEigen,Mode,4,X,1E-06,15,27.834,0,34.6
Story13,MODAL,LinModEigen,Mode,5,Y,1E-06,2,0,6.446,34.6
Story13,MODAL,LinModEigen,Mode,6,X,1E-06,53,25.115,13.821,34.6
Story13,MODAL,LinModEigen,Mode,6,Y,1E-06,2,0,6.446,34.6
Story13,MODAL,LinModEigen,Mode,7,X,1E-06,15,27.834,0,34.6
Story13,MODAL,LinModEigen,Mode,8,Y,1E-06,2,0,6.446,34.6
Story13,MODAL,LinModEigen,Mode,9,X,1E-06,53,25.115,13.821,34.6
Story13,MODAL,LinModEigen,Mode,9,Y,1E-06,2,0,6.446,34.6
Story13,MODAL,LinModEigen,Mode,10,X,3E-06,15,27.834,0,34.6
Story13,MODAL,LinModEigen,Mode,11,Y,3E-06,2,0,6.446,34.6
Story13,MODAL,LinModEigen,Mode,12,X,2E-06,53,25.115,13.821,34.6
Story13,PP,LinStatic,None,None,Y,9.1E-05,2,0,6.446,34.6
Story13,TERP,LinStatic,None,None,Y,2.1E-05,2,0,6.446,34.6
Story13,TERT,LinStatic,None,None,Y,1E-06,2,0,6.446,34.6
Story13,SCP,LinStatic,None,None,Y,3.7E-05,2,0,6.446,34.6
Story13,SCT,LinStatic,None,None,Y,1E-06,2,0,6.446,34.6
Story13,SEx,LinRespSpec,Max,None,X,0.000998,15,27.834,0,34.6
Story13,SEx,LinRespSpec,Max,None,Y,0.000921,22,38.505,13.821,34.6
Story13,SEy,LinRespSpec,Max,None,X,0.000174,53,25.115,13.821,34.6
Story13,SEy,LinRespSpec,Max,None,Y,0.001317,2,0,6.446,34.6
Story13,SEx_b2,LinRespSpec,Max,None,X,0.000958,15,27.834,0,34.6
Story13,SEx_b2,LinRespSpec,Max,None,Y,0.000828,22,38.505,13.821,34.6
Story13,SEy_b2,LinRespSpec,Max,None,Y,0.001038,2,0,6.446,34.6
Story13,ED1_C1_1.4CP,Combination,None,None,Y,0.000158,2,0,6.446,34.6
Story13,ED1_C2_1.2CP_1.6L_0.5Lr,Combination,None,None,Y,0.000196,2,0,6.446,34.6
Story13,ED1_C3_1.2CP_L_1.6Lr,Combination,None,None,Y,0.000175,2,0,6.446,34.6
Story13,ED1_DYN_XP,Combination,Max,None,X,0.001424,15,27.834,0,34.6
Story13,ED1_DYN_XP,Combination,Max,None,Y,0.00126,22,38.505,13.821,34.6
Story13,ED1_DYN_XP,Combination,Min,None,X,0.001371,15,27.834,0,34.6
Story13,ED1_DYN_XP,Combination,Min,None,Y,0.001362,2,0,6.446,34.6
Story13,ED1_DYN_XN,Combination,Max,None,X,0.001424,15,27.834,0,34.6
Story13,ED1_DYN_XN,Combination,Max,None,Y,0.00126,22,38.505,13.821,34.6
Story13,ED1_DYN_XN,Combination,Min,None,X,0.001371,15,27.834,0,34.6
Story13,ED1_DYN_XN,Combination,Min,None,Y,0.001362,2,0,6.446,34.6
Story13,ED1_DYN_YP,Combination,Max,None,X,0.000218,53,25.115,13.821,34.6
Story13,ED1_DYN_YP,Combination,Max,None,Y,0.001671,2,0,6.446,34.6
Story13,ED1_DYN_YP,Combination,Min,None,X,0.000269,53,25.115,13.821,34.6
Story13,ED1_DYN_YP,Combination,Min,None,Y,0.002017,2,0,6.446,34.6
Story13,ED1_DYN_YN,Combination,Max,None,X,0.000218,53,25.115,13.821,34.6
Story13,ED1_DYN_YN,Combination,Max,None,Y,0.001671,2,0,6.446,34.6
Story13,ED1_DYN_YN,Combination,Min,None,X,0.000269,53,25.115,13.821,34.6
Story13,ED1_DYN_YN,Combination,Min,None,Y,0.002017,2,0,6.446,34.6
Story13,ED1_DYN_09_XP,Combination,Max,None,X,0.001413,15,27.834,0,34.6
Story13,ED1_DYN_09_XP,Combination,Max,None,Y,0.001272,22,38.505,13.821,34.6
Story13,ED1_DYN_09_XP,Combination,Min,None,X,0.001382,15,27.834,0,34.6
Story13,ED1_DYN_09_XP,Combination,Min,None,Y,0.001307,22,38.505,13.821,34.6
Story13,ED1_DYN_09_XN,Combination,Max,None,X,0.001413,15,27.834,0,34.6
Story13,ED1_DYN_09_XN,Combination,Max,None,Y,0.001272,22,38.505,13.821,34.6
Story13,ED1_DYN_09_XN,Combination,Min,None,X,0.001382,15,27.834,0,34.6
Story13,ED1_DYN_09_XN,Combination,Min,None,Y,0.001307,22,38.505,13.821,34.6
Story13,ED1_DYN_09_YP,Combination,Max,None,X,0.000229,53,25.115,13.821,34.6
Story13,ED1_DYN_09_YP,Combination,Max,None,Y,0.001742,2,0,6.446,34.6
Story13,ED1_DYN_09_YP,Combination,Min,None,X,0.000258,53,25.115,13.821,34.6
Story13,ED1_DYN_09_YP,Combination,Min,None,Y,0.001945,2,0,6.446,34.6
Story13,ED1_DYN_09_YN,Combination,Max,None,X,0.000229,53,25.115,13.821,34.6
Story13,ED1_DYN_09_YN,Combination,Max,None,Y,0.001742,2,0,6.446,34.6
Story13,ED1_DYN_09_YN,Combination,Min,None,X,0.000258,53,25.115,13.821,34.6
Story13,ED1_DYN_09_YN,Combination,Min,None,Y,0.001945,2,0,6.446,34.6
Story12,Dead,LinStatic,None,None,Y,8.7E-05,2,0,6.446,32
Story12,MODAL,LinModEigen,Mode,1,X,4.812E-07,15,27.834,0,32
Story12,MODAL,LinModEigen,Mode,2,Y,1E-06,2,0,6.446,32
Story12,MODAL,LinModEigen,Mode,3,X,4.63E-07,53,25.115,13.821,32
Story12,MODAL,LinModEigen,Mode,3,Y,1E-06,22,38.505,13.821,32
Story12,MODAL,LinModEigen,Mode,4,X,1E-06,15,27.834,0,32
Story12,MODAL,LinModEigen,Mode,5,Y,1E-06,2,0,6.446,32
Story12,MODAL,LinModEigen,Mode,6,X,1E-06,53,25.115,13.821,32
Story12,MODAL,LinModEigen,Mode,7,X,2E-06,15,27.834,0,32
Story12,MODAL,LinModEigen,Mode,8,Y,1E-06,2,0,6.446,32
Story12,MODAL,LinModEigen,Mode,9,X,1E-06,53,25.115,13.821,32
Story12,MODAL,LinModEigen,Mode,9,Y,2E-06,2,0,6.446,32
Story12,MODAL,LinModEigen,Mode,10,X,3E-06,15,27.834,0,32
Story12,MODAL,LinModEigen,Mode,11,Y,2E-06,2,0,6.446,32
Story12,MODAL,LinModEigen,Mode,12,X,2E-06,53,25.115,13.821,32
Story12,PP,LinStatic,None,None,Y,8.7E-05,2,0,6.446,32
Story12,TERP,LinStatic,None,None,Y,2E-05,2,0,6.446,32
Story12,TERT,LinStatic,None,None,Y,1E-06,2,0,6.446,32
Story12,SCP,LinStatic,None,None,Y,3.6E-05,2,0,6.446,32
Story12,SCT,LinStatic,None,None,Y,1E-06,2,0,6.446,32
Story12,SEx,LinRespSpec,Max,None,X,0.00099,15,27.834,0,32
Story12,SEx,LinRespSpec,Max,None,Y,0.000904,22,38.505,13.821,32
Story12,SEy,LinRespSpec,Max,None,X,0.000171,53,25.115,13.821,32
Story12,SEy,LinRespSpec,Max,None,Y,0.001289,2,0,6.446,32
Story12,SEx_b2,LinRespSpec,Max,None,X,0.000951,15,27.834,0,32
Story12,SEx_b2,LinRespSpec,Max,None,Y,0.000813,22,38.505,13.821,32
Story12,SEy_b2,LinRespSpec,Max,None,Y,0.001016,2,0,6.446,32
Story12,ED1_C1_1.4CP,Combination,None,None,Y,0.000151,2,0,6.446,32
Story12,ED1_C2_1.2CP_1.6L_0.5Lr,Combination,None,None,Y,0.000187,2,0,6.446,32
Story12,ED1_C3_1.2CP_L_1.6Lr,Combination,None,None,Y,0.000166,2,0,6.446,32
Story12,ED1_DYN_XP,Combination,Max,None,X,0.001412,15,27.834,0,32
Story12,ED1_DYN_XP,Combination,Max,None,Y,0.001238,22,38.505,13.821,32
Story12,ED1_DYN_XP,Combination,Min,None,X,0.001361,15,27.834,0,32
Story12,ED1_DYN_XP,Combination,Min,None,Y,0.00133,2,0,6.446,32
Story12,ED1_DYN_XN,Combination,Max,None,X,0.001412,15,27.834,0,32
Story12,ED1_DYN_XN,Combination,Max,None,Y,0.001238,22,38.505,13.821,32
Story12,ED1_DYN_XN,Combination,Min,None,X,0.001361,15,27.834,0,32
Story12,ED1_DYN_XN,Combination,Min,None,Y,0.00133,2,0,6.446,32
Story12,ED1_DYN_YP,Combination,Max,None,X,0.000215,53,25.115,13.821,32
Story12,ED1_DYN_YP,Combination,Max,None,Y,0.00164,2,0,6.446,32
Story12,ED1_DYN_YP,Combination,Min,None,X,0.000263,53,25.115,13.821,32
Story12,ED1_DYN_YP,Combination,Min,None,Y,0.00197,2,0,6.446,32
Story12,ED1_DYN_YN,Combination,Max,None,X,0.000215,53,25.115,13.821,32
Story12,ED1_DYN_YN,Combination,Max,None,Y,0.00164,2,0,6.446,32
Story12,ED1_DYN_YN,Combination,Min,None,X,0.000263,53,25.115,13.821,32
Story12,ED1_DYN_YN,Combination,Min,None,Y,0.00197,2,0,6.446,32
Story12,ED1_DYN_09_XP,Combination,Max,None,X,0.001401,15,27.834,0,32
Story12,ED1_DYN_09_XP,Combination,Max,None,Y,0.001248,22,38.505,13.821,32
Story12,ED1_DYN_09_XP,Combination,Min,None,X,0.001372,15,27.834,0,32
Story12,ED1_DYN_09_XP,Combination,Min,None,Y,0.001282,22,38.505,13.821,32
Story12,ED1_DYN_09_XN,Combination,Max,None,X,0.001401,15,27.834,0,32
Story12,ED1_DYN_09_XN,Combination,Max,None,Y,0.001248,22,38.505,13.821,32
Story12,ED1_DYN_09_XN,Combination,Min,None,X,0.001372,15,27.834,0,32
Story12,ED1_DYN_09_XN,Combination,Min,None,Y,0.001282,22,38.505,13.821,32
Story12,ED1_DYN_09_YP,Combination,Max,None,X,0.000225,53,25.115,13.821,32
Story12,ED1_DYN_09_YP,Combination,Max,None,Y,0.001708,2,0,6.446,32
Story12,ED1_DYN_09_YP,Combination,Min,None,X,0.000253,53,25.115,13.821,32
Story12,ED1_DYN_09_YP,Combination,Min,None,Y,0.001902,2,0,6.446,32
Story12,ED1_DYN_09_YN,Combination,Max,None,X,0.000225,53,25.115,13.821,32
Story12,ED1_DYN_09_YN,Combination,Max,None,Y,0.001708,2,0,6.446,32
Story12,ED1_DYN_09_YN,Combination,Min,None,X,0.000253,53,25.115,13.821,32
Story12,ED1_DYN_09_YN,Combination,Min,None,Y,0.001902,2,0,6.446,32
Story11,Dead,LinStatic,None,None,Y,8.2E-05,2,0,6.446,29.4
Story11,MODAL,LinModEigen,Mode,1,X,4.737E-07,15,27.834,0,29.4
Story11,MODAL,LinModEigen,Mode,2,Y,4.889E-07,2,0,6.446,29.4
Story11,MODAL,LinModEigen,Mode,3,X,4.555E-07,53,25.115,13.821,29.4
Story11,MODAL,LinModEigen,Mode,3,Y,1E-06,22,38.505,13.821,29.4
Story11,MODAL,LinModEigen,Mode,4,X,4.89E-07,15,27.834,0,29.4
Story11,MODAL,LinModEigen,Mode,5,Y,4.263E-07,2,0,6.446,29.4
Story11,MODAL,LinModEigen,Mode,6,X,3.479E-07,53,25.115,13.821,29.4
Story11,MODAL,LinModEigen,Mode,7,X,2E-06,15,27.834,0,29.4
Story11,MODAL,LinModEigen,Mode,8,Y,2E-06,2,0,6.446,29.4
Story11,MODAL,LinModEigen,Mode,9,X,1E-06,53,25.115,13.821,29.4
Story11,MODAL,LinModEigen,Mode,9,Y,3E-06,2,0,6.446,29.4
Story11,MODAL,LinModEigen,Mode,10,X,1E-06,15,27.834,0,29.4
Story11,MODAL,LinModEigen,Mode,11,Y,1E-06,2,0,6.446,29.4
Story11,MODAL,LinModEigen,Mode,12,X,1E-06,53,25.115,13.821,29.4
Story11,PP,LinStatic,None,None,Y,8.2E-05,2,0,6.446,29.4
Story11,TERP,LinStatic,None,None,Y,1.9E-05,2,0,6.446,29.4
Story11,TERT,LinStatic,None,None,Y,1E-06,2,0,6.446,29.4
Story11,SCP,LinStatic,None,None,Y,3.4E-05,2,0,6.446,29.4
Story11,SCT,LinStatic,None,None,Y,1E-06,2,0,6.446,29.4
Story11,SEx,LinRespSpec,Max,None,X,0.000975,15,27.834,0,29.4
Story11,SEx,LinRespSpec,Max,None,Y,0.00088,22,38.505,13.821,29.4
Story11,SEy,LinRespSpec,Max,None,X,0.000167,53,25.115,13.821,29.4
Story11,SEy,LinRespSpec,Max,None,Y,0.001252,2,0,6.446,29.4
Story11,SEx_b2,LinRespSpec,Max,None,X,0.000937,15,27.834,0,29.4
Story11,SEx_b2,LinRespSpec,Max,None,Y,0.000791,22,38.505,13.821,29.4
Story11,SEy_b2,LinRespSpec,Max,None,Y,0.000987,2,0,6.446,29.4
Story11,ED1_C1_1.4CP,Combination,None,None,Y,0.000142,2,0,6.446,29.4
Story11,ED1_C2_1.2CP_1.6L_0.5Lr,Combination,None,None,Y,0.000176,2,0,6.446,29.4
Story11,ED1_C3_1.2CP_L_1.6Lr,Combination,None,None,Y,0.000157,2,0,6.446,29.4
Story11,ED1_DYN_XP,Combination,Max,None,X,0.001389,15,27.834,0,29.4
Story11,ED1_DYN_XP,Combination,Max,None,Y,0.001206,22,38.505,13.821,29.4
Story11,ED1_DYN_XP,Combination,Min,None,X,0.001342,15,27.834,0,29.4
Story11,ED1_DYN_XP,Combination,Min,None,Y,0.001289,1,0,0.701,29.4
Story11,ED1_DYN_XN,Combination,Max,None,X,0.001389,15,27.834,0,29.4
Story11,ED1_DYN_XN,Combination,Max,None,Y,0.001206,22,38.505,13.821,29.4
Story11,ED1_DYN_XN,Combination,Min,None,X,0.001342,15,27.834,0,29.4
Story11,ED1_DYN_XN,Combination,Min,None,Y,0.001289,1,0,0.701,29.4
Story11,ED1_DYN_YP,Combination,Max,None,X,0.00021,53,25.115,13.821,29.4
Story11,ED1_DYN_YP,Combination,Max,None,Y,0.001598,2,0,6.446,29.4
Story11,ED1_DYN_YP,Combination,Min,None,X,0.000256,53,25.115,13.821,29.4
Story11,ED1_DYN_YP,Combination,Min,None,Y,0.001909,2,0,6.446,29.4
Story11,ED1_DYN_YN,Combination,Max,None,X,0.00021,53,25.115,13.821,29.4
Story11,ED1_DYN_YN,Combination,Max,None,Y,0.001598,2,0,6.446,29.4
Story11,ED1_DYN_YN,Combination,Min,None,X,0.000256,53,25.115,13.821,29.4
Story11,ED1_DYN_YN,Combination,Min,None,Y,0.001909,2,0,6.446,29.4
Story11,ED1_DYN_09_XP,Combination,Max,None,X,0.00138,15,27.834,0,29.4
Story11,ED1_DYN_09_XP,Combination,Max,None,Y,0.001216,22,38.505,13.821,29.4
Story11,ED1_DYN_09_XP,Combination,Min,None,X,0.001352,15,27.834,0,29.4
Story11,ED1_DYN_09_XP,Combination,Min,None,Y,0.001247,22,38.505,13.821,29.4
Story11,ED1_DYN_09_XN,Combination,Max,None,X,0.00138,15,27.834,0,29.4
Story11,ED1_DYN_09_XN,Combination,Max,None,Y,0.001216,22,38.505,13.821,29.4
Story11,ED1_DYN_09_XN,Combination,Min,None,X,0.001352,15,27.834,0,29.4
Story11,ED1_DYN_09_XN,Combination,Min,None,Y,0.001247,22,38.505,13.821,29.4
Story11,ED1_DYN_09_YP,Combination,Max,None,X,0.00022,53,25.115,13.821,29.4
Story11,ED1_DYN_09_YP,Combination,Max,None,Y,0.001662,2,0,6.446,29.4
Story11,ED1_DYN_09_YP,Combination,Min,None,X,0.000246,53,25.115,13.821,29.4
Story11,ED1_DYN_09_YP,Combination,Min,None,Y,0.001845,2,0,6.446,29.4
Story11,ED1_DYN_09_YN,Combination,Max,None,X,0.00022,53,25.115,13.821,29.4
Story11,ED1_DYN_09_YN,Combination,Max,None,Y,0.001662,2,0,6.446,29.4
Story11,ED1_DYN_09_YN,Combination,Min,None,X,0.000246,53,25.115,13.821,29.4
Story11,ED1_DYN_09_YN,Combination,Min,None,Y,0.001845,2,0,6.446,29.4
Story10,Dead,LinStatic,None,None,Y,7.6E-05,2,0,6.446,26.8
Story10,MODAL,LinModEigen,Mode,1,X,4.617E-07,15,27.834,0,26.8
Story10,MODAL,LinModEigen,Mode,2,Y,4.711E-07,2,0,6.446,26.8
Story10,MODAL,LinModEigen,Mode,3,X,4.438E-07,53,25.115,13.821,26.8
Story10,MODAL,LinModEigen,Mode,3,Y,1E-06,22,38.505,13.821,26.8
Story10,MODAL,LinModEigen,Mode,4,X,1.874E-07,15,27.834,0,26.8
Story10,MODAL,LinModEigen,Mode,5,Y,1.523E-07,2,0,6.446,26.8
Story10,MODAL,LinModEigen,Mode,6,X,1.258E-07,53,25.115,13.821,26.8
Story10,MODAL,LinModEigen,Mode,7,X,2E-06,15,27.834,0,26.8
Story10,MODAL,LinModEigen,Mode,8,Y,2E-06,2,0,6.446,26.8
Story10,MODAL,LinModEigen,Mode,9,X,2E-06,53,25.115,13.821,26.8
Story10,MODAL,LinModEigen,Mode,9,Y,3E-06,2,0,6.446,26.8
Story10,MODAL,LinModEigen,Mode,10,X,1.242E-07,15,27.834,0,26.8
Story10,MODAL,LinModEigen,Mode,11,Y,1.045E-07,22,38.505,13.821,26.8
Story10,MODAL,LinModEigen,Mode,12,X,9.557E-08,15,27.834,0,26.8
Story10,MODAL,LinModEigen,Mode,12,Y,2.259E-07,22,38.505,13.821,26.8
Story10,PP,LinStatic,None,None,Y,7.6E-05,2,0,6.446,26.8
Story10,TERP,LinStatic,None,None,Y,1.8E-05,2,0,6.446,26.8
Story10,TERT,LinStatic,None,None,Y,1E-06,2,0,6.446,26.8
Story10,SCP,LinStatic,None,None,Y,3.1E-05,2,0,6.446,26.8
Story10,SCT,LinStatic,None,None,Y,1E-06,2,0,6.446,26.8
Story10,SEx,LinRespSpec,Max,None,X,0.000953,15,27.834,0,26.8
Story10,SEx,LinRespSpec,Max,None,Y,0.000848,22,38.505,13.821,26.8
Story10,SEy,LinRespSpec,Max,None,X,0.000161,53,25.115,13.821,26.8
Story10,SEy,LinRespSpec,Max,None,Y,0.001206,2,0,6.446,26.8
Story10,SEx_b2,LinRespSpec,Max,None,X,0.000916,15,27.834,0,26.8
Story10,SEx_b2,LinRespSpec,Max,None,Y,0.000763,22,38.505,13.821,26.8
Story10,SEy_b2,LinRespSpec,Max,None,Y,0.000951,2,0,6.446,26.8
Story10,ED1_C1_1.4CP,Combination,None,None,Y,0.000133,2,0,6.446,26.8
Story10,ED1_C2_1.2CP_1.6L_0.5Lr,Combination,None,None,Y,0.000165,2,0,6.446,26.8
Story10,ED1_C3_1.2CP_L_1.6Lr,Combination,None,None,Y,0.000147,2,0,6.446,26.8
Story10,ED1_DYN_XP,Combination,Max,None,X,0.001356,15,27.834,0,26.8
Story10,ED1_DYN_XP,Combination,Max,None,Y,0.001164,22,38.505,13.821,26.8
Story10,ED1_DYN_XP,Combination,Min,None,X,0.001312,15,27.834,0,26.8
Story10,ED1_DYN_XP,Combination,Min,None,Y,0.001238,2,0,6.446,26.8
Story10,ED1_DYN_XN,Combination,Max,None,X,0.001356,15,27.834,0,26.8
Story10,ED1_DYN_XN,Combination,Max,None,Y,0.001164,22,38.505,13.821,26.8
Story10,ED1_DYN_XN,Combination,Min,None,X,0.001312,15,27.834,0,26.8
Story10,ED1_DYN_XN,Combination,Min,None,Y,0.001238,2,0,6.446,26.8
Story10,ED1_DYN_YP,Combination,Max,None,X,0.000204,53,25.115,13.821,26.8
Story10,ED1_DYN_YP,Combination,Max,None,Y,0.001543,2,0,6.446,26.8
Story10,ED1_DYN_YP,Combination,Min,None,X,0.000247,53,25.115,13.821,26.8
Story10,ED1_DYN_YP,Combination,Min,None,Y,0.001833,2,0,6.446,26.8
Story10,ED1_DYN_YN,Combination,Max,None,X,0.000204,53,25.115,13.821,26.8
Story10,ED1_DYN_YN,Combination,Max,None,Y,0.001543,2,0,6.446,26.8
Story10,ED1_DYN_YN,Combination,Min,None,X,0.000247,53,25.115,13.821,26.8
Story10,ED1_DYN_YN,Combination,Min,None,Y,0.001833,2,0,6.446,26.8
Story10,ED1_DYN_09_XP,Combination,Max,None,X,0.001347,15,27.834,0,26.8
Story10,ED1_DYN_09_XP,Combination,Max,None,Y,0.001173,22,38.505,13.821,26.8
Story10,ED1_DYN_09_XP,Combination,Min,None,X,0.001321,15,27.834,0,26.8
Story10,ED1_DYN_09_XP,Combination,Min,None,Y,0.001202,22,38.505,13.821,26.8
Story10,ED1_DYN_09_XN,Combination,Max,None,X,0.001347,15,27.834,0,26.8
Story10,ED1_DYN_09_XN,Combination,Max,None,Y,0.001173,22,38.505,13.821,26.8
Story10,ED1_DYN_09_XN,Combination,Min,None,X,0.001321,15,27.834,0,26.8
Story10,ED1_DYN_09_XN,Combination,Min,None,Y,0.001202,22,38.505,13.821,26.8
Story10,ED1_DYN_09_YP,Combination,Max,None,X,0.000213,53,25.115,13.821,26.8
Story10,ED1_DYN_09_YP,Combination,Max,None,Y,0.001603,2,0,6.446,26.8
Story10,ED1_DYN_09_YP,Combination,Min,None,X,0.000238,53,25.115,13.821,26.8
Story10,ED1_DYN_09_YP,Combination,Min,None,Y,0.001773,2,0,6.446,26.8
Story10,ED1_DYN_09_YN,Combination,Max,None,X,0.000213,53,25.115,13.821,26.8
Story10,ED1_DYN_09_YN,Combination,Max,None,Y,0.001603,2,0,6.446,26.8
Story10,ED1_DYN_09_YN,Combination,Min,None,X,0.000238,53,25.115,13.821,26.8
Story10,ED1_DYN_09_YN,Combination,Min,None,Y,0.001773,2,0,6.446,26.8
Story9,Dead,LinStatic,None,None,Y,7.1E-05,2,0,6.446,24.2
Story9,MODAL,LinModEigen,Mode,1,X,4.449E-07,15,27.834,0,24.2
Story9,MODAL,LinModEigen,Mode,2,Y,4.488E-07,2,0,6.446,24.2
Story9,MODAL,LinModEigen,Mode,3,X,4.275E-07,53,25.115,13.821,24.2
Story9,MODAL,LinModEigen,Mode,4,X,1.081E-07,15,27.834,0,24.2
Story9,MODAL,LinModEigen,Mode,5,Y,1.148E-07,2,0,6.446,24.2
Story9,MODAL,LinModEigen,Mode,6,X,9.078E-08,53,25.115,13.821,24.2
Story9,MODAL,LinModEigen,Mode,6,Y,1.972E-07,2,0,6.446,24.2
Story9,MODAL,LinModEigen,Mode,7,X,2E-06,15,27.834,0,24.2
Story9,MODAL,LinModEigen,Mode,8,Y,2E-06,2,0,6.446,24.2
Story9,MODAL,LinModEigen,Mode,9,X,1E-06,53,25.115,13.821,24.2
Story9,MODAL,LinModEigen,Mode,9,Y,3E-06,2,0,6.446,24.2
Story9,MODAL,LinModEigen,Mode,10,X,2E-06,15,27.834,0,24.2
Story9,MODAL,LinModEigen,Mode,11,Y,2E-06,2,0,6.446,24.2
Story9,MODAL,LinModEigen,Mode,12,X,1E-06,53,25.115,13.821,24.2
Story9,PP,LinStatic,None,None,Y,7.1E-05,2,0,6.446,24.2
Story9,TERP,LinStatic,None,None,Y,1.6E-05,2,0,6.446,24.2
Story9,TERT,LinStatic,None,None,Y,1E-06,2,0,6.446,24.2
Story9,SCP,LinStatic,None,None,Y,2.9E-05,2,0,6.446,24.2
Story9,SCT,LinStatic,None,None,Y,1E-06,2,0,6.446,24.2
Story9,SEx,LinRespSpec,Max,None,X,0.000921,15,27.834,0,24.2
Story9,SEx,LinRespSpec,Max,None,Y,0.000809,22,38.505,13.821,24.2
Story9,SEy,LinRespSpec,Max,None,X,0.000154,53,25.115,13.821,24.2
Story9,SEy,LinRespSpec,Max,None,Y,0.001149,2,0,6.446,24.2
Story9,SEx_b2,LinRespSpec,Max,None,X,0.000886,15,27.834,0,24.2
Story9,SEx_b2,LinRespSpec,Max,None,Y,0.000728,22,38.505,13.821,24.2
Story9,SEy_b2,LinRespSpec,Max,None,Y,0.000906,2,0,6.446,24.2
Story9,ED1_C1_1.4CP,Combination,None,None,Y,0.000123,2,0,6.446,24.2
Story9,ED1_C2_1.2CP_1.6L_0.5Lr,Combination,None,None,Y,0.000152,2,0,6.446,24.2
Story9,ED1_C3_1.2CP_L_1.6Lr,Combination,None,None,Y,0.000136,2,0,6.446,24.2
Story9,ED1_DYN_XP,Combination,Max,None,X,0.00131,15,27.834,0,24.2
Story9,ED1_DYN_XP,Combination,Max,None,Y,0.001112,22,38.505,13.821,24.2
Story9,ED1_DYN_XP,Combination,Min,None,X,0.001269,15,27.834,0,24.2
Story9,ED1_DYN_XP,Combination,Min,None,Y,0.001176,2,0,6.446,24.2
Story9,ED1_DYN_XN,Combination,Max,None,X,0.00131,15,27.834,0,24.2
Story9,ED1_DYN_XN,Combination,Max,None,Y,0.001112,22,38.505,13.821,24.2
Story9,ED1_DYN_XN,Combination,Min,None,X,0.001269,15,27.834,0,24.2
Story9,ED1_DYN_XN,Combination,Min,None,Y,0.001176,2,0,6.446,24.2
Story9,ED1_DYN_YP,Combination,Max,None,X,0.000195,53,25.115,13.821,24.2
Story9,ED1_DYN_YP,Combination,Max,None,Y,0.001474,2,0,6.446,24.2
Story9,ED1_DYN_YP,Combination,Min,None,X,0.000236,53,25.115,13.821,24.2
Story9,ED1_DYN_YP,Combination,Min,None,Y,0.001743,2,0,6.446,24.2
Story9,ED1_DYN_YN,Combination,Max,None,X,0.000195,53,25.115,13.821,24.2
Story9,ED1_DYN_YN,Combination,Max,None,Y,0.001474,2,0,6.446,24.2
Story9,ED1_DYN_YN,Combination,Min,None,X,0.000236,53,25.115,13.821,24.2
Story9,ED1_DYN_YN,Combination,Min,None,Y,0.001743,2,0,6.446,24.2
Story9,ED1_DYN_09_XP,Combination,Max,None,X,0.001302,15,27.834,0,24.2
Story9,ED1_DYN_09_XP,Combination,Max,None,Y,0.00112,22,38.505,13.821,24.2
Story9,ED1_DYN_09_XP,Combination,Min,None,X,0.001278,15,27.834,0,24.2
Story9,ED1_DYN_09_XP,Combination,Min,None,Y,0.001146,22,38.505,13.821,24.2
Story9,ED1_DYN_09_XN,Combination,Max,None,X,0.001302,15,27.834,0,24.2
Story9,ED1_DYN_09_XN,Combination,Max,None,Y,0.00112,22,38.505,13.821,24.2
Story9,ED1_DYN_09_XN,Combination,Min,None,X,0.001278,15,27.834,0,24.2
Story9,ED1_DYN_09_XN,Combination,Min,None,Y,0.001146,22,38.505,13.821,24.2
Story9,ED1_DYN_09_YP,Combination,Max,None,X,0.000204,53,25.115,13.821,24.2
Story9,ED1_DYN_09_YP,Combination,Max,None,Y,0.001529,2,0,6.446,24.2
Story9,ED1_DYN_09_YP,Combination,Min,None,X,0.000227,53,25.115,13.821,24.2
Story9,ED1_DYN_09_YP,Combination,Min,None,Y,0.001687,2,0,6.446,24.2
Story9,ED1_DYN_09_YN,Combination,Max,None,X,0.000204,53,25.115,13.821,24.2
Story9,ED1_DYN_09_YN,Combination,Max,None,Y,0.001529,2,0,6.446,24.2
Story9,ED1_DYN_09_YN,Combination,Min,None,X,0.000227,53,25.115,13.821,24.2
Story9,ED1_DYN_09_YN,Combination,Min,None,Y,0.001687,2,0,6.446,24.2
Story8,Dead,LinStatic,None,None,Y,6.4E-05,2,0,6.446,21.6
Story8,MODAL,LinModEigen,Mode,1,X,4.228E-07,15,27.834,0,21.6
Story8,MODAL,LinModEigen,Mode,2,Y,4.218E-07,2,0,6.446,21.6
Story8,MODAL,LinModEigen,Mode,3,X,4.06E-07,53,25.115,13.821,21.6
Story8,MODAL,LinModEigen,Mode,4,X,3.81E-07,15,27.834,0,21.6
Story8,MODAL,LinModEigen,Mode,5,Y,3.605E-07,2,0,6.446,21.6
Story8,MODAL,LinModEigen,Mode,6,X,2.9E-07,53,25.115,13.821,21.6
Story8,MODAL,LinModEigen,Mode,6,Y,1E-06,2,0,6.446,21.6
Story8,MODAL,LinModEigen,Mode,7,X,2E-06,15,27.834,0,21.6
Story8,MODAL,LinModEigen,Mode,8,Y,1E-06,2,0,6.446,21.6
Story8,MODAL,LinModEigen,Mode,9,X,1E-06,53,25.115,13.821,21.6
Story8,MODAL,LinModEigen,Mode,9,Y,2E-06,2,0,6.446,21.6
Story8,MODAL,LinModEigen,Mode,10,X,3E-06,15,27.834,0,21.6
Story8,MODAL,LinModEigen,Mode,11,Y,3E-06,2,0,6.446,21.6
Story8,MODAL,LinModEigen,Mode,12,X,2E-06,53,25.115,13.821,21.6
Story8,PP,LinStatic,None,None,Y,6.4E-05,2,0,6.446,21.6
Story8,TERP,LinStatic,None,None,Y,1.5E-05,2,0,6.446,21.6
Story8,TERT,LinStatic,None,None,Y,1E-06,2,0,6.446,21.6
Story8,SCP,LinStatic,None,None,Y,2.6E-05,2,0,6.446,21.6
Story8,SCT,LinStatic,None,None,Y,1E-06,2,0,6.446,21.6
Story8,SEx,LinRespSpec,Max,None,X,0.00088,15,27.834,0,21.6
Story8,SEx,LinRespSpec,Max,None,Y,0.000762,22,38.505,13.821,21.6
Story8,SEy,LinRespSpec,Max,None,X,0.000145,53,25.115,13.821,21.6
Story8,SEy,LinRespSpec,Max,None,Y,0.00108,2,0,6.446,21.6
Story8,SEx_b2,LinRespSpec,Max,None,X,0.000847,15,27.834,0,21.6
Story8,SEx_b2,LinRespSpec,Max,None,Y,0.000686,22,38.505,13.821,21.6
Story8,SEy_b2,LinRespSpec,Max,None,Y,0.000852,2,0,6.446,21.6
Story8,ED1_C1_1.4CP,Combination,None,None,Y,0.000112,2,0,6.446,21.6
Story8,ED1_C2_1.2CP_1.6L_0.5Lr,Combination,None,None,Y,0.000139,2,0,6.446,21.6
Story8,ED1_C3_1.2CP_L_1.6Lr,Combination,None,None,Y,0.000124,2,0,6.446,21.6
Story8,ED1_DYN_XP,Combination,Max,None,X,0.001251,15,27.834,0,21.6
Story8,ED1_DYN_XP,Combination,Max,None,Y,0.001048,22,38.505,13.821,21.6
Story8,ED1_DYN_XP,Combination,Min,None,X,0.001214,15,27.834,0,21.6
Story8,ED1_DYN_XP,Combination,Min,None,Y,0.001102,2,0,6.446,21.6
Story8,ED1_DYN_XN,Combination,Max,None,X,0.001251,15,27.834,0,21.6
Story8,ED1_DYN_XN,Combination,Max,None,Y,0.001048,22,38.505,13.821,21.6
Story8,ED1_DYN_XN,Combination,Min,None,X,0.001214,15,27.834,0,21.6
Story8,ED1_DYN_XN,Combination,Min,None,Y,0.001102,2,0,6.446,21.6
Story8,ED1_DYN_YP,Combination,Max,None,X,0.000185,53,25.115,13.821,21.6
Story8,ED1_DYN_YP,Combination,Max,None,Y,0.00139,2,0,6.446,21.6
Story8,ED1_DYN_YP,Combination,Min,None,X,0.000222,53,25.115,13.821,21.6
Story8,ED1_DYN_YP,Combination,Min,None,Y,0.001635,2,0,6.446,21.6
Story8,ED1_DYN_YN,Combination,Max,None,X,0.000185,53,25.115,13.821,21.6
Story8,ED1_DYN_YN,Combination,Max,None,Y,0.00139,2,0,6.446,21.6
Story8,ED1_DYN_YN,Combination,Min,None,X,0.000222,53,25.115,13.821,21.6
Story8,ED1_DYN_YN,Combination,Min,None,Y,0.001635,2,0,6.446,21.6
Story8,ED1_DYN_09_XP,Combination,Max,None,X,0.001243,15,27.834,0,21.6
Story8,ED1_DYN_09_XP,Combination,Max,None,Y,0.001055,22,38.505,13.821,21.6
Story8,ED1_DYN_09_XP,Combination,Min,None,X,0.001221,15,27.834,0,21.6
Story8,ED1_DYN_09_XP,Combination,Min,None,Y,0.001078,22,38.505,13.821,21.6
Story8,ED1_DYN_09_XN,Combination,Max,None,X,0.001243,15,27.834,0,21.6
Story8,ED1_DYN_09_XN,Combination,Max,None,Y,0.001055,22,38.505,13.821,21.6
Story8,ED1_DYN_09_XN,Combination,Min,None,X,0.001221,15,27.834,0,21.6
Story8,ED1_DYN_09_XN,Combination,Min,None,Y,0.001078,22,38.505,13.821,21.6
Story8,ED1_DYN_09_YP,Combination,Max,None,X,0.000193,53,25.115,13.821,21.6
Story8,ED1_DYN_09_YP,Combination,Max,None,Y,0.001441,2,0,6.446,21.6
Story8,ED1_DYN_09_YP,Combination,Min,None,X,0.000214,53,25.115,13.821,21.6
Story8,ED1_DYN_09_YP,Combination,Min,None,Y,0.001585,2,0,6.446,21.6
Story8,ED1_DYN_09_YN,Combination,Max,None,X,0.000193,53,25.115,13.821,21.6
Story8,ED1_DYN_09_YN,Combination,Max,None,Y,0.001441,2,0,6.446,21.6
Story8,ED1_DYN_09_YN,Combination,Min,None,X,0.000214,53,25.115,13.821,21.6
Story8,ED1_DYN_09_YN,Combination,Min,None,Y,0.001585,2,0,6.446,21.6
Story7,Dead,LinStatic,None,None,Y,5.8E-05,2,0,6.446,19
Story7,MODAL,LinModEigen,Mode,1,X,3.949E-07,15,27.834,0,19
Story7,MODAL,LinModEigen,Mode,2,Y,3.897E-07,2,0,6.446,19
Story7,MODAL,LinModEigen,Mode,3,X,3.791E-07,53,25.115,13.821,19
Story7,MODAL,LinModEigen,Mode,4,X,1E-06,15,27.834,0,19
Story7,MODAL,LinModEigen,Mode,5,Y,1E-06,2,0,6.446,19
Story7,MODAL,LinModEigen,Mode,6,X,4.603E-07,53,25.115,13.821,19
Story7,MODAL,LinModEigen,Mode,6,Y,1E-06,2,0,6.446,19
Story7,MODAL,LinModEigen,Mode,7,X,1E-06,15,27.834,0,19
Story7,MODAL,LinModEigen,Mode,8,Y,1E-06,2,0,6.446,19
Story7,MODAL,LinModEigen,Mode,9,X,1E-06,53,25.115,13.821,19
Story7,MODAL,LinModEigen,Mode,9,Y,1E-06,2,0,6.446,19
Story7,MODAL,LinModEigen,Mode,10,X,3E-06,15,27.834,0,19
Story7,MODAL,LinModEigen,Mode,11,Y,3E-06,2,0,6.446,19
Story7,MODAL,LinModEigen,Mode,12,X,2E-06,53,25.115,13.821,19
Story7,PP,LinStatic,None,None,Y,5.8E-05,2,0,6.446,19
Story7,TERP,LinStatic,None,None,Y,1.3E-05,2,0,6.446,19
Story7,TERT,LinStatic,None,None,Y,1E-06,2,0,6.446,19
Story7,SCP,LinStatic,None,None,Y,2.4E-05,2,0,6.446,19
Story7,SCT,LinStatic,None,None,Y,1E-06,2,0,6.446,19
Story7,SEx,LinRespSpec,Max,None,X,0.000828,15,27.834,0,19
Story7,SEx,LinRespSpec,Max,None,Y,0.000706,22,38.505,13.821,19
Story7,SEy,LinRespSpec,Max,None,X,0.000135,53,25.115,13.821,19
Story7,SEy,LinRespSpec,Max,None,Y,0.001,2,0,6.446,19
Story7,SEx_b2,LinRespSpec,Max,None,X,0.000797,15,27.834,0,19
Story7,SEx_b2,LinRespSpec,Max,None,Y,0.000635,22,38.505,13.821,19
Story7,SEy_b2,LinRespSpec,Max,None,Y,0.000788,2,0,6.446,19
Story7,ED1_C1_1.4CP,Combination,None,None,Y,0.0001,2,0,6.446,19
Story7,ED1_C2_1.2CP_1.6L_0.5Lr,Combination,None,None,Y,0.000124,2,0,6.446,19
Story7,ED1_C3_1.2CP_L_1.6Lr,Combination,None,None,Y,0.00011,2,0,6.446,19
Story7,ED1_DYN_XP,Combination,Max,None,X,0.001175,15,27.834,0,19
Story7,ED1_DYN_XP,Combination,Max,None,Y,0.000971,22,38.505,13.821,19
Story7,ED1_DYN_XP,Combination,Min,None,X,0.001142,15,27.834,0,19
Story7,ED1_DYN_XP,Combination,Min,None,Y,0.001016,1,0,0.701,19
Story7,ED1_DYN_XN,Combination,Max,None,X,0.001175,15,27.834,0,19
Story7,ED1_DYN_XN,Combination,Max,None,Y,0.000971,22,38.505,13.821,19
Story7,ED1_DYN_XN,Combination,Min,None,X,0.001142,15,27.834,0,19
Story7,ED1_DYN_XN,Combination,Min,None,Y,0.001016,1,0,0.701,19
Story7,ED1_DYN_YP,Combination,Max,None,X,0.000172,53,25.115,13.821,19
Story7,ED1_DYN_YP,Combination,Max,None,Y,0.001291,2,0,6.446,19
Story7,ED1_DYN_YP,Combination,Min,None,X,0.000206,53,25.115,13.821,19
Story7,ED1_DYN_YP,Combination,Min,None,Y,0.00151,2,0,6.446,19
Story7,ED1_DYN_YN,Combination,Max,None,X,0.000172,53,25.115,13.821,19
Story7,ED1_DYN_YN,Combination,Max,None,Y,0.001291,2,0,6.446,19
Story7,ED1_DYN_YN,Combination,Min,None,X,0.000206,53,25.115,13.821,19
Story7,ED1_DYN_YN,Combination,Min,None,Y,0.00151,2,0,6.446,19
Story7,ED1_DYN_09_XP,Combination,Max,None,X,0.001169,15,27.834,0,19
Story7,ED1_DYN_09_XP,Combination,Max,None,Y,0.000978,22,38.505,13.821,19
Story7,ED1_DYN_09_XP,Combination,Min,None,X,0.001149,15,27.834,0,19
Story7,ED1_DYN_09_XP,Combination,Min,None,Y,0.000998,22,38.505,13.821,19
Story7,ED1_DYN_09_XN,Combination,Max,None,X,0.001169,15,27.834,0,19
Story7,ED1_DYN_09_XN,Combination,Max,None,Y,0.000978,22,38.505,13.821,19
Story7,ED1_DYN_09_XN,Combination,Min,None,X,0.001149,15,27.834,0,19
Story7,ED1_DYN_09_XN,Combination,Min,None,Y,0.000998,22,38.505,13.821,19
Story7,ED1_DYN_09_YP,Combination,Max,None,X,0.000179,53,25.115,13.821,19
Story7,ED1_DYN_09_YP,Combination,Max,None,Y,0.001336,2,0,6.446,19
Story7,ED1_DYN_09_YP,Combination,Min,None,X,0.000198,53,25.115,13.821,19
Story7,ED1_DYN_09_YP,Combination,Min,None,Y,0.001464,2,0,6.446,19
Story7,ED1_DYN_09_YN,Combination,Max,None,X,0.000179,53,25.115,13.821,19
Story7,ED1_DYN_09_YN,Combination,Max,None,Y,0.001336,2,0,6.446,19
Story7,ED1_DYN_09_YN,Combination,Min,None,X,0.000198,53,25.115,13.821,19
Story7,ED1_DYN_09_YN,Combination,Min,None,Y,0.001464,2,0,6.446,19
Story6,Dead,LinStatic,None,None,Y,5E-05,2,0,6.446,16.4
Story6,MODAL,LinModEigen,Mode,1,X,3.609E-07,15,27.834,0,16.4
Story6,MODAL,LinModEigen,Mode,2,Y,3.523E-07,2,0,6.446,16.4
Story6,MODAL,LinModEigen,Mode,3,X,3.463E-07,53,25.115,13.821,16.4
Story6,MODAL,LinModEigen,Mode,4,X,1E-06,15,27.834,0,16.4
Story6,MODAL,LinModEigen,Mode,5,Y,1E-06,2,0,6.446,16.4
Story6,MODAL,LinModEigen,Mode,6,X,1E-06,53,25.115,13.821,16.4
Story6,MODAL,LinModEigen,Mode,6,Y,1E-06,2,0,6.446,16.4
Story6,MODAL,LinModEigen,Mode,7,X,2.126E-07,15,27.834,0,16.4
Story6,MODAL,LinModEigen,Mode,8,Y,2.107E-07,2,0,6.446,16.4
Story6,MODAL,LinModEigen,Mode,9,X,1.54E-07,53,25.115,13.821,16.4
Story6,MODAL,LinModEigen,Mode,9,Y,2.811E-07,2,0,6.446,16.4
Story6,MODAL,LinModEigen,Mode,10,X,3E-06,15,27.834,0,16.4
Story6,MODAL,LinModEigen,Mode,11,Y,2E-06,2,0,6.446,16.4
Story6,MODAL,LinModEigen,Mode,12,X,2E-06,53,25.115,13.821,16.4
Story6,PP,LinStatic,None,None,Y,5E-05,2,0,6.446,16.4
Story6,TERP,LinStatic,None,None,Y,1.2E-05,2,0,6.446,16.4
Story6,TERT,LinStatic,None,None,Y,1E-06,2,0,6.446,16.4
Story6,SCP,LinStatic,None,None,Y,2.1E-05,2,0,6.446,16.4
Story6,SCT,LinStatic,None,None,Y,1E-06,2,0,6.446,16.4
Story6,SEx,LinRespSpec,Max,None,X,0.000763,15,27.834,0,16.4
Story6,SEx,LinRespSpec,Max,None,Y,0.00064,22,38.505,13.821,16.4
Story6,SEy,LinRespSpec,Max,None,X,0.000122,53,25.115,13.821,16.4
Story6,SEy,LinRespSpec,Max,None,Y,0.000907,2,0,6.446,16.4
Story6,SEx_b2,LinRespSpec,Max,None,X,0.000735,15,27.834,0,16.4
Story6,SEx_b2,LinRespSpec,Max,None,Y,0.000575,22,38.505,13.821,16.4
Story6,SEy_b2,LinRespSpec,Max,None,Y,0.000715,2,0,6.446,16.4
Story6,ED1_C1_1.4CP,Combination,None,None,Y,8.7E-05,2,0,6.446,16.4
Story6,ED1_C2_1.2CP_1.6L_0.5Lr,Combination,None,None,Y,0.000108,2,0,6.446,16.4
Story6,ED1_C3_1.2CP_L_1.6Lr,Combination,None,None,Y,9.6E-05,2,0,6.446,16.4
Story6,ED1_DYN_XP,Combination,Max,None,X,0.001083,15,27.834,0,16.4
Story6,ED1_DYN_XP,Combination,Max,None,Y,0.000882,22,38.505,13.821,16.4
Story6,ED1_DYN_XP,Combination,Min,None,X,0.001054,15,27.834,0,16.4
Story6,ED1_DYN_XP,Combination,Min,None,Y,0.000917,2,0,6.446,16.4
Story6,ED1_DYN_XN,Combination,Max,None,X,0.001083,15,27.834,0,16.4
Story6,ED1_DYN_XN,Combination,Max,None,Y,0.000882,22,38.505,13.821,16.4
Story6,ED1_DYN_XN,Combination,Min,None,X,0.001054,15,27.834,0,16.4
Story6,ED1_DYN_XN,Combination,Min,None,Y,0.000917,2,0,6.446,16.4
Story6,ED1_DYN_YP,Combination,Max,None,X,0.000157,53,25.115,13.821,16.4
Story6,ED1_DYN_YP,Combination,Max,None,Y,0.001174,2,0,6.446,16.4
Story6,ED1_DYN_YP,Combination,Min,None,X,0.000186,53,25.115,13.821,16.4
Story6,ED1_DYN_YP,Combination,Min,None,Y,0.001365,2,0,6.446,16.4
Story6,ED1_DYN_YN,Combination,Max,None,X,0.000157,53,25.115,13.821,16.4
Story6,ED1_DYN_YN,Combination,Max,None,Y,0.001174,2,0,6.446,16.4
Story6,ED1_DYN_YN,Combination,Min,None,X,0.000186,53,25.115,13.821,16.4
Story6,ED1_DYN_YN,Combination,Min,None,Y,0.001365,2,0,6.446,16.4
Story6,ED1_DYN_09_XP,Combination,Max,None,X,0.001077,15,27.834,0,16.4
Story6,ED1_DYN_09_XP,Combination,Max,None,Y,0.000887,22,38.505,13.821,16.4
Story6,ED1_DYN_09_XP,Combination,Min,None,X,0.00106,15,27.834,0,16.4
Story6,ED1_DYN_09_XP,Combination,Min,None,Y,0.000904,22,38.505,13.821,16.4
Story6,ED1_DYN_09_XN,Combination,Max,None,X,0.001077,15,27.834,0,16.4
Story6,ED1_DYN_09_XN,Combination,Max,None,Y,0.000887,22,38.505,13.821,16.4
Story6,ED1_DYN_09_XN,Combination,Min,None,X,0.00106,15,27.834,0,16.4
Story6,ED1_DYN_09_XN,Combination,Min,None,Y,0.000904,22,38.505,13.821,16.4
Story6,ED1_DYN_09_YP,Combination,Max,None,X,0.000163,53,25.115,13.821,16.4
Story6,ED1_DYN_09_YP,Combination,Max,None,Y,0.001213,2,0,6.446,16.4
Story6,ED1_DYN_09_YP,Combination,Min,None,X,0.00018,53,25.115,13.821,16.4
Story6,ED1_DYN_09_YP,Combination,Min,None,Y,0.001326,2,0,6.446,16.4
Story6,ED1_DYN_09_YN,Combination,Max,None,X,0.000163,53,25.115,13.821,16.4
Story6,ED1_DYN_09_YN,Combination,Max,None,Y,0.001213,2,0,6.446,16.4
Story6,ED1_DYN_09_YN,Combination,Min,None,X,0.00018,53,25.115,13.821,16.4
Story6,ED1_DYN_09_YN,Combination,Min,None,Y,0.001326,2,0,6.446,16.4
Story5,Dead,LinStatic,None,None,Y,4.3E-05,2,0,6.446,13.8
Story5,MODAL,LinModEigen,Mode,1,X,3.203E-07,15,27.834,0,13.8
Story5,MODAL,LinModEigen,Mode,2,Y,3.094E-07,2,0,6.446,13.8
Story5,MODAL,LinModEigen,Mode,3,X,3.072E-07,53,25.115,13.821,13.8
Story5,MODAL,LinModEigen,Mode,4,X,1E-06,15,27.834,0,13.8
Story5,MODAL,LinModEigen,Mode,5,Y,1E-06,2,0,6.446,13.8
Story5,MODAL,LinModEigen,Mode,6,X,1E-06,53,25.115,13.821,13.8
Story5,MODAL,LinModEigen,Mode,6,Y,1E-06,2,0,6.446,13.8
Story5,MODAL,LinModEigen,Mode,7,X,1E-06,15,27.834,0,13.8
Story5,MODAL,LinModEigen,Mode,8,Y,4.795E-07,2,0,6.446,13.8
Story5,MODAL,LinModEigen,Mode,9,X,3.732E-07,53,25.115,13.821,13.8
Story5,MODAL,LinModEigen,Mode,9,Y,1E-06,2,0,6.446,13.8
Story5,MODAL,LinModEigen,Mode,10,X,1E-06,15,27.834,0,13.8
Story5,MODAL,LinModEigen,Mode,11,Y,1E-06,2,0,6.446,13.8
Story5,MODAL,LinModEigen,Mode,12,X,1E-06,53,25.115,13.821,13.8
Story5,PP,LinStatic,None,None,Y,4.3E-05,2,0,6.446,13.8
Story5,TERP,LinStatic,None,None,Y,1E-05,2,0,6.446,13.8
Story5,TERT,LinStatic,None,None,Y,4.466E-07,2,0,6.446,13.8
Story5,SCP,LinStatic,None,None,Y,1.7E-05,2,0,6.446,13.8
Story5,SCT,LinStatic,None,None,Y,4.466E-07,2,0,6.446,13.8
Story5,SEx,LinRespSpec,Max,None,X,0.000684,15,27.834,0,13.8
Story5,SEx,LinRespSpec,Max,None,Y,0.000563,22,38.505,13.821,13.8
Story5,SEy,LinRespSpec,Max,None,X,0.000108,53,25.115,13.821,13.8
Story5,SEy,LinRespSpec,Max,None,Y,0.000799,2,0,6.446,13.8
Story5,SEx_b2,LinRespSpec,Max,None,X,0.000659,15,27.834,0,13.8
Story5,SEx_b2,LinRespSpec,Max,None,Y,0.000507,22,38.505,13.821,13.8
Story5,SEy_b2,LinRespSpec,Max,None,Y,0.00063,2,0,6.446,13.8
Story5,ED1_C1_1.4CP,Combination,None,None,Y,7.4E-05,2,0,6.446,13.8
Story5,ED1_C2_1.2CP_1.6L_0.5Lr,Combination,None,None,Y,9.1E-05,2,0,6.446,13.8
Story5,ED1_C3_1.2CP_L_1.6Lr,Combination,None,None,Y,8.1E-05,2,0,6.446,13.8
Story5,ED1_DYN_XP,Combination,Max,None,X,0.00097,15,27.834,0,13.8
Story5,ED1_DYN_XP,Combination,Max,None,Y,0.000777,22,38.505,13.821,13.8
Story5,ED1_DYN_XP,Combination,Min,None,X,0.000945,15,27.834,0,13.8
Story5,ED1_DYN_XP,Combination,Min,None,Y,0.000804,1,0,0.701,13.8
Story5,ED1_DYN_XN,Combination,Max,None,X,0.00097,15,27.834,0,13.8
Story5,ED1_DYN_XN,Combination,Max,None,Y,0.000777,22,38.505,13.821,13.8
Story5,ED1_DYN_XN,Combination,Min,None,X,0.000945,15,27.834,0,13.8
Story5,ED1_DYN_XN,Combination,Min,None,Y,0.000804,1,0,0.701,13.8
Story5,ED1_DYN_YP,Combination,Max,None,X,0.000138,53,25.115,13.821,13.8
Story5,ED1_DYN_YP,Combination,Max,None,Y,0.001038,2,0,6.446,13.8
Story5,ED1_DYN_YP,Combination,Min,None,X,0.000164,53,25.115,13.821,13.8
Story5,ED1_DYN_YP,Combination,Min,None,Y,0.0012,2,0,6.446,13.8
Story5,ED1_DYN_YN,Combination,Max,None,X,0.000138,53,25.115,13.821,13.8
Story5,ED1_DYN_YN,Combination,Max,None,Y,0.001038,2,0,6.446,13.8
Story5,ED1_DYN_YN,Combination,Min,None,X,0.000164,53,25.115,13.821,13.8
Story5,ED1_DYN_YN,Combination,Min,None,Y,0.0012,2,0,6.446,13.8
Story5,ED1_DYN_09_XP,Combination,Max,None,X,0.000965,15,27.834,0,13.8
Story5,ED1_DYN_09_XP,Combination,Max,None,Y,0.000782,22,38.505,13.821,13.8
Story5,ED1_DYN_09_XP,Combination,Min,None,X,0.00095,15,27.834,0,13.8
Story5,ED1_DYN_09_XP,Combination,Min,None,Y,0.000795,22,38.505,13.821,13.8
Story5,ED1_DYN_09_XN,Combination,Max,None,X,0.000965,15,27.834,0,13.8
Story5,ED1_DYN_09_XN,Combination,Max,None,Y,0.000782,22,38.505,13.821,13.8
Story5,ED1_DYN_09_XN,Combination,Min,None,X,0.00095,15,27.834,0,13.8
Story5,ED1_DYN_09_XN,Combination,Min,None,Y,0.000795,22,38.505,13.821,13.8
Story5,ED1_DYN_09_YP,Combination,Max,None,X,0.000144,53,25.115,13.821,13.8
Story5,ED1_DYN_09_YP,Combination,Max,None,Y,0.001072,2,0,6.446,13.8
Story5,ED1_DYN_09_YP,Combination,Min,None,X,0.000159,53,25.115,13.821,13.8
Story5,ED1_DYN_09_YP,Combination,Min,None,Y,0.001166,2,0,6.446,13.8
Story5,ED1_DYN_09_YN,Combination,Max,None,X,0.000144,53,25.115,13.821,13.8
Story5,ED1_DYN_09_YN,Combination,Max,None,Y,0.001072,2,0,6.446,13.8
Story5,ED1_DYN_09_YN,Combination,Min,None,X,0.000159,53,25.115,13.821,13.8
Story5,ED1_DYN_09_YN,Combination,Min,None,Y,0.001166,2,0,6.446,13.8
Story4,Dead,LinStatic,None,None,Y,3.4E-05,2,0,6.446,11.2
Story4,MODAL,LinModEigen,Mode,1,X,2.727E-07,15,27.834,0,11.2
Story4,MODAL,LinModEigen,Mode,2,Y,2.608E-07,2,0,6.446,11.2
Story4,MODAL,LinModEigen,Mode,3,X,2.615E-07,53,25.115,13.821,11.2
Story4,MODAL,LinModEigen,Mode,4,X,1E-06,15,27.834,0,11.2
Story4,MODAL,LinModEigen,Mode,5,Y,1E-06,2,0,6.446,11.2
Story4,MODAL,LinModEigen,Mode,6,X,1E-06,53,25.115,13.821,11.2
Story4,MODAL,LinModEigen,Mode,6,Y,1E-06,2,0,6.446,11.2
Story4,MODAL,LinModEigen,Mode,7,X,1E-06,15,27.834,0,11.2
Story4,MODAL,LinModEigen,Mode,8,Y,1E-06,2,0,6.446,11.2
Story4,MODAL,LinModEigen,Mode,9,X,1E-06,53,25.115,13.821,11.2
Story4,MODAL,LinModEigen,Mode,9,Y,2E-06,2,0,6.446,11.2
Story4,MODAL,LinModEigen,Mode,10,X,3.866E-08,53,25.115,13.821,11.2
Story4,MODAL,LinModEigen,Mode,11,X,6.587E-09,15,27.834,0,11.2
Story4,MODAL,LinModEigen,Mode,11,Y,2.647E-08,2,0,6.446,11.2
Story4,MODAL,LinModEigen,Mode,12,X,5.101E-08,15,27.834,0,11.2
Story4,MODAL,LinModEigen,Mode,12,Y,2.564E-08,22,38.505,13.821,11.2
Story4,PP,LinStatic,None,None,Y,3.4E-05,2,0,6.446,11.2
Story4,TERP,LinStatic,None,None,Y,8E-06,2,0,6.446,11.2
Story4,TERT,LinStatic,None,None,Y,3.54E-07,2,0,6.446,11.2
Story4,SCP,LinStatic,None,None,Y,1.4E-05,2,0,6.446,11.2
Story4,SCT,LinStatic,None,None,Y,3.54E-07,2,0,6.446,11.2
Story4,SEx,LinRespSpec,Max,None,X,0.000589,15,27.834,0,11.2
Story4,SEx,LinRespSpec,Max,None,Y,0.000476,22,38.505,13.821,11.2
Story4,SEy,LinRespSpec,Max,None,X,9.1E-05,53,25.115,13.821,11.2
Story4,SEy,LinRespSpec,Max,None,Y,0.000677,2,0,6.446,11.2
Story4,SEx_b2,LinRespSpec,Max,None,X,0.000568,15,27.834,0,11.2
Story4,SEx_b2,LinRespSpec,Max,None,Y,0.000428,22,38.505,13.821,11.2
Story4,SEy_b2,LinRespSpec,Max,None,Y,0.000534,2,0,6.446,11.2
Story4,ED1_C1_1.4CP,Combination,None,None,Y,6E-05,2,0,6.446,11.2
Story4,ED1_C2_1.2CP_1.6L_0.5Lr,Combination,None,None,Y,7.4E-05,2,0,6.446,11.2
Story4,ED1_C3_1.2CP_L_1.6Lr,Combination,None,None,Y,6.6E-05,2,0,6.446,11.2
Story4,ED1_DYN_XP,Combination,Max,None,X,0.000835,15,27.834,0,11.2
Story4,ED1_DYN_XP,Combination,Max,None,Y,0.000658,22,38.505,13.821,11.2
Story4,ED1_DYN_XP,Combination,Min,None,X,0.000815,15,27.834,0,11.2
Story4,ED1_DYN_XP,Combination,Min,None,Y,0.000676,2,0,6.446,11.2
Story4,ED1_DYN_XN,Combination,Max,None,X,0.000835,15,27.834,0,11.2
Story4,ED1_DYN_XN,Combination,Max,None,Y,0.000658,22,38.505,13.821,11.2
Story4,ED1_DYN_XN,Combination,Min,None,X,0.000815,15,27.834,0,11.2
Story4,ED1_DYN_XN,Combination,Min,None,Y,0.000676,2,0,6.446,11.2
Story4,ED1_DYN_YP,Combination,Max,None,X,0.000118,53,25.115,13.821,11.2
Story4,ED1_DYN_YP,Combination,Max,None,Y,0.000882,2,0,6.446,11.2
Story4,ED1_DYN_YP,Combination,Min,None,X,0.000139,53,25.115,13.821,11.2
Story4,ED1_DYN_YP,Combination,Min,None,Y,0.001012,2,0,6.446,11.2
Story4,ED1_DYN_YN,Combination,Max,None,X,0.000118,53,25.115,13.821,11.2
Story4,ED1_DYN_YN,Combination,Max,None,Y,0.000882,2,0,6.446,11.2
Story4,ED1_DYN_YN,Combination,Min,None,X,0.000139,53,25.115,13.821,11.2
Story4,ED1_DYN_YN,Combination,Min,None,Y,0.001012,2,0,6.446,11.2
Story4,ED1_DYN_09_XP,Combination,Max,None,X,0.000831,15,27.834,0,11.2
Story4,ED1_DYN_09_XP,Combination,Max,None,Y,0.000661,22,38.505,13.821,11.2
Story4,ED1_DYN_09_XP,Combination,Min,None,X,0.000819,15,27.834,0,11.2
Story4,ED1_DYN_09_XP,Combination,Min,None,Y,0.000671,22,38.505,13.821,11.2
Story4,ED1_DYN_09_XN,Combination,Max,None,X,0.000831,15,27.834,0,11.2
Story4,ED1_DYN_09_XN,Combination,Max,None,Y,0.000661,22,38.505,13.821,11.2
Story4,ED1_DYN_09_XN,Combination,Min,None,X,0.000819,15,27.834,0,11.2
Story4,ED1_DYN_09_XN,Combination,Min,None,Y,0.000671,22,38.505,13.821,11.2
Story4,ED1_DYN_09_YP,Combination,Max,None,X,0.000122,53,25.115,13.821,11.2
Story4,ED1_DYN_09_YP,Combination,Max,None,Y,0.000909,2,0,6.446,11.2
Story4,ED1_DYN_09_YP,Combination,Min,None,X,0.000134,53,25.115,13.821,11.2
Story4,ED1_DYN_09_YP,Combination,Min,None,Y,0.000986,2,0,6.446,11.2
Story4,ED1_DYN_09_YN,Combination,Max,None,X,0.000122,53,25.115,13.821,11.2
Story4,ED1_DYN_09_YN,Combination,Max,None,Y,0.000909,2,0,6.446,11.2
Story4,ED1_DYN_09_YN,Combination,Min,None,X,0.000134,53,25.115,13.821,11.2
Story4,ED1_DYN_09_YN,Combination,Min,None,Y,0.000986,2,0,6.446,11.2
Story3,Dead,LinStatic,None,None,Y,2.6E-05,2,0,6.446,8.6
Story3,MODAL,LinModEigen,Mode,1,X,2.176E-07,15,27.834,0,8.6
Story3,MODAL,LinModEigen,Mode,2,Y,2.06E-07,2,0,6.446,8.6
Story3,MODAL,LinModEigen,Mode,3,X,2.086E-07,53,25.115,13.821,8.6
Story3,MODAL,LinModEigen,Mode,4,X,1E-06,15,27.834,0,8.6
Story3,MODAL,LinModEigen,Mode,5,Y,1E-06,2,0,6.446,8.6
Story3,MODAL,LinModEigen,Mode,6,X,1E-06,53,25.115,13.821,8.6
Story3,MODAL,LinModEigen,Mode,6,Y,1E-06,2,0,6.446,8.6
Story3,MODAL,LinModEigen,Mode,7,X,2E-06,15,27.834,0,8.6
Story3,MODAL,LinModEigen,Mode,8,Y,1E-06,2,0,6.446,8.6
Story3,MODAL,LinModEigen,Mode,9,X,1E-06,53,25.115,13.821,8.6
Story3,MODAL,LinModEigen,Mode,9,Y,2E-06,2,0,6.446,8.6
Story3,MODAL,LinModEigen,Mode,10,X,1E-06,15,27.834,0,8.6
Story3,MODAL,LinModEigen,Mode,11,Y,1E-06,2,0,6.446,8.6
Story3,MODAL,LinModEigen,Mode,12,X,1E-06,53,25.115,13.821,8.6
Story3,PP,LinStatic,None,None,Y,2.6E-05,2,0,6.446,8.6
Story3,TERP,LinStatic,None,None,Y,6E-06,2,0,6.446,8.6
Story3,TERT,LinStatic,None,None,Y,2.614E-07,2,0,6.446,8.6
Story3,SCP,LinStatic,None,None,Y,1E-05,2,0,6.446,8.6
Story3,SCT,LinStatic,None,None,Y,2.614E-07,2,0,6.446,8.6
Story3,SEx,LinRespSpec,Max,None,X,0.000476,15,27.834,0,8.6
Story3,SEx,LinRespSpec,Max,None,Y,0.000377,22,38.505,13.821,8.6
Story3,SEy,LinRespSpec,Max,None,X,7.3E-05,53,25.115,13.821,8.6
Story3,SEy,LinRespSpec,Max,None,Y,0.000537,2,0,6.446,8.6
Story3,SEx_b2,LinRespSpec,Max,None,X,0.00046,15,27.834,0,8.6
Story3,SEx_b2,LinRespSpec,Max,None,Y,0.000339,22,38.505,13.821,8.6
Story3,SEy_b2,LinRespSpec,Max,None,Y,0.000424,2,0,6.446,8.6
Story3,ED1_C1_1.4CP,Combination,None,None,Y,4.5E-05,2,0,6.446,8.6
Story3,ED1_C2_1.2CP_1.6L_0.5Lr,Combination,None,None,Y,5.5E-05,2,0,6.446,8.6
Story3,ED1_C3_1.2CP_L_1.6Lr,Combination,None,None,Y,4.9E-05,2,0,6.446,8.6
Story3,ED1_DYN_XP,Combination,Max,None,X,0.000674,15,27.834,0,8.6
Story3,ED1_DYN_XP,Combination,Max,None,Y,0.000522,22,38.505,13.821,8.6
Story3,ED1_DYN_XP,Combination,Min,None,X,0.000659,15,27.834,0,8.6
Story3,ED1_DYN_XP,Combination,Min,None,Y,0.000533,22,38.505,13.821,8.6
Story3,ED1_DYN_XN,Combination,Max,None,X,0.000674,15,27.834,0,8.6
Story3,ED1_DYN_XN,Combination,Max,None,Y,0.000522,22,38.505,13.821,8.6
Story3,ED1_DYN_XN,Combination,Min,None,X,0.000659,15,27.834,0,8.6
Story3,ED1_DYN_XN,Combination,Min,None,Y,0.000533,22,38.505,13.821,8.6
Story3,ED1_DYN_YP,Combination,Max,None,X,9.4E-05,53,25.115,13.821,8.6
Story3,ED1_DYN_YP,Combination,Max,None,Y,0.000704,2,0,6.446,8.6
Story3,ED1_DYN_YP,Combination,Min,None,X,0.00011,53,25.115,13.821,8.6
Story3,ED1_DYN_YP,Combination,Min,None,Y,0.000801,2,0,6.446,8.6
Story3,ED1_DYN_YN,Combination,Max,None,X,9.4E-05,53,25.115,13.821,8.6
Story3,ED1_DYN_YN,Combination,Max,None,Y,0.000704,2,0,6.446,8.6
Story3,ED1_DYN_YN,Combination,Min,None,X,0.00011,53,25.115,13.821,8.6
Story3,ED1_DYN_YN,Combination,Min,None,Y,0.000801,2,0,6.446,8.6
Story3,ED1_DYN_09_XP,Combination,Max,None,X,0.000671,15,27.834,0,8.6
Story3,ED1_DYN_09_XP,Combination,Max,None,Y,0.000524,22,38.505,13.821,8.6
Story3,ED1_DYN_09_XP,Combination,Min,None,X,0.000662,15,27.834,0,8.6
Story3,ED1_DYN_09_XP,Combination,Min,None,Y,0.000531,22,38.505,13.821,8.6
Story3,ED1_DYN_09_XN,Combination,Max,None,X,0.000671,15,27.834,0,8.6
Story3,ED1_DYN_09_XN,Combination,Max,None,Y,0.000524,22,38.505,13.821,8.6
Story3,ED1_DYN_09_XN,Combination,Min,None,X,0.000662,15,27.834,0,8.6
Story3,ED1_DYN_09_XN,Combination,Min,None,Y,0.000531,22,38.505,13.821,8.6
Story3,ED1_DYN_09_YP,Combination,Max,None,X,9.7E-05,53,25.115,13.821,8.6
Story3,ED1_DYN_09_YP,Combination,Max,None,Y,0.000724,2,0,6.446,8.6
Story3,ED1_DYN_09_YP,Combination,Min,None,X,0.000106,53,25.115,13.821,8.6
Story3,ED1_DYN_09_YP,Combination,Min,None,Y,0.000781,2,0,6.446,8.6
Story3,ED1_DYN_09_YN,Combination,Max,None,X,9.7E-05,53,25.115,13.821,8.6
Story3,ED1_DYN_09_YN,Combination,Max,None,Y,0.000724,2,0,6.446,8.6
Story3,ED1_DYN_09_YN,Combination,Min,None,X,0.000106,53,25.115,13.821,8.6
Story3,ED1_DYN_09_YN,Combination,Min,None,Y,0.000781,2,0,6.446,8.6
Story2,Dead,LinStatic,None,None,Y,1.7E-05,1,0,0.701,6
Story2,MODAL,LinModEigen,Mode,1,X,1.544E-07,15,27.834,0,6
Story2,MODAL,LinModEigen,Mode,2,Y,1.446E-07,1,0,0.701,6
Story2,MODAL,LinModEigen,Mode,3,X,1.481E-07,52,17.415,13.821,6
Story2,MODAL,LinModEigen,Mode,4,X,1E-06,15,27.834,0,6
Story2,MODAL,LinModEigen,Mode,5,Y,1E-06,1,0,0.701,6
Story2,MODAL,LinModEigen,Mode,6,X,1E-06,52,17.415,13.821,6
Story2,MODAL,LinModEigen,Mode,6,Y,1E-06,1,0,0.701,6
Story2,MODAL,LinModEigen,Mode,7,X,2E-06,15,27.834,0,6
Story2,MODAL,LinModEigen,Mode,8,Y,1E-06,1,0,0.701,6
Story2,MODAL,LinModEigen,Mode,9,X,1E-06,52,17.415,13.821,6
Story2,MODAL,LinModEigen,Mode,9,Y,2E-06,1,0,0.701,6
Story2,MODAL,LinModEigen,Mode,10,X,2E-06,15,27.834,0,6
Story2,MODAL,LinModEigen,Mode,11,Y,2E-06,1,0,0.701,6
Story2,MODAL,LinModEigen,Mode,12,X,2E-06,52,17.415,13.821,6
Story2,PP,LinStatic,None,None,Y,1.7E-05,1,0,0.701,6
Story2,TERP,LinStatic,None,None,Y,4E-06,1,0,0.701,6
Story2,TERT,LinStatic,None,None,Y,1.683E-07,1,0,0.701,6
Story2,SCP,LinStatic,None,None,Y,7E-06,1,0,0.701,6
Story2,SCT,LinStatic,None,None,Y,1.683E-07,1,0,0.701,6
Story2,SEx,LinRespSpec,Max,None,X,0.000344,15,27.834,0,6
Story2,SEx,LinRespSpec,Max,None,Y,0.000264,21,38.505,7.996,6
Story2,SEy,LinRespSpec,Max,None,X,5.1E-05,52,17.415,13.821,6
Story2,SEy,LinRespSpec,Max,None,Y,0.00038,1,0,0.701,6
Story2,SEx_b2,LinRespSpec,Max,None,X,0.000332,15,27.834,0,6
Story2,SEx_b2,LinRespSpec,Max,None,Y,0.000238,21,38.505,7.996,6
Story2,SEy_b2,LinRespSpec,Max,None,Y,0.0003,2,0,6.446,6
Story2,ED1_C1_1.4CP,Combination,None,None,Y,2.9E-05,1,0,0.701,6
Story2,ED1_C2_1.2CP_1.6L_0.5Lr,Combination,None,None,Y,3.6E-05,1,0,0.701,6
Story2,ED1_C3_1.2CP_L_1.6Lr,Combination,None,None,Y,3.2E-05,1,0,0.701,6
Story2,ED1_DYN_XP,Combination,Max,None,X,0.000486,15,27.834,0,6
Story2,ED1_DYN_XP,Combination,Max,None,Y,0.000367,21,38.505,7.996,6
Story2,ED1_DYN_XP,Combination,Min,None,X,0.000476,15,27.834,0,6
Story2,ED1_DYN_XP,Combination,Min,None,Y,0.000373,21,38.505,7.996,6
Story2,ED1_DYN_XN,Combination,Max,None,X,0.000486,15,27.834,0,6
Story2,ED1_DYN_XN,Combination,Max,None,Y,0.000367,21,38.505,7.996,6
Story2,ED1_DYN_XN,Combination,Min,None,X,0.000476,15,27.834,0,6
Story2,ED1_DYN_XN,Combination,Min,None,Y,0.000373,21,38.505,7.996,6
Story2,ED1_DYN_YP,Combination,Max,None,X,6.6E-05,52,17.415,13.821,6
Story2,ED1_DYN_YP,Combination,Max,None,Y,0.0005,1,0,0.701,6
Story2,ED1_DYN_YP,Combination,Min,None,X,7.7E-05,52,17.415,13.821,6
Story2,ED1_DYN_YP,Combination,Min,None,Y,0.000563,1,0,0.701,6
Story2,ED1_DYN_YN,Combination,Max,None,X,6.6E-05,52,17.415,13.821,6
Story2,ED1_DYN_YN,Combination,Max,None,Y,0.0005,1,0,0.701,6
Story2,ED1_DYN_YN,Combination,Min,None,X,7.7E-05,52,17.415,13.821,6
Story2,ED1_DYN_YN,Combination,Min,None,Y,0.000563,1,0,0.701,6
Story2,ED1_DYN_09_XP,Combination,Max,None,X,0.000484,15,27.834,0,6
Story2,ED1_DYN_09_XP,Combination,Max,None,Y,0.000368,21,38.505,7.996,6
Story2,ED1_DYN_09_XP,Combination,Min,None,X,0.000478,15,27.834,0,6
Story2,ED1_DYN_09_XP,Combination,Min,None,Y,0.000372,21,38.505,7.996,6
Story2,ED1_DYN_09_XN,Combination,Max,None,X,0.000484,15,27.834,0,6
Story2,ED1_DYN_09_XN,Combination,Max,None,Y,0.000368,21,38.505,7.996,6
Story2,ED1_DYN_09_XN,Combination,Min,None,X,0.000478,15,27.834,0,6
Story2,ED1_DYN_09_XN,Combination,Min,None,Y,0.000372,21,38.505,7.996,6
Story2,ED1_DYN_09_YP,Combination,Max,None,X,6.9E-05,52,17.415,13.821,6
Story2,ED1_DYN_09_YP,Combination,Max,None,Y,0.000513,1,0,0.701,6
Story2,ED1_DYN_09_YP,Combination,Min,None,X,7.5E-05,52,17.415,13.821,6
Story2,ED1_DYN_09_YP,Combination,Min,None,Y,0.00055,1,0,0.701,6
Story2,ED1_DYN_09_YN,Combination,Max,None,X,6.9E-05,52,17.415,13.821,6
Story2,ED1_DYN_09_YN,Combination,Max,None,Y,0.000513,1,0,0.701,6
Story2,ED1_DYN_09_YN,Combination,Min,None,X,7.5E-05,52,17.415,13.821,6
Story2,ED1_DYN_09_YN,Combination,Min,None,Y,0.00055,1,0,0.701,6
Story1,Dead,LinStatic,None,None,Y,6E-06,2,0,6.446,3.4
Story1,MODAL,LinModEigen,Mode,1,X,6.792E-08,15,27.834,0,3.4
Story1,MODAL,LinModEigen,Mode,2,Y,6.213E-08,2,0,6.446,3.4
Story1,MODAL,LinModEigen,Mode,3,X,6.574E-08,53,25.115,13.821,3.4
Story1,MODAL,LinModEigen,Mode,4,X,4.015E-07,15,27.834,0,3.4
Story1,MODAL,LinModEigen,Mode,5,Y,3.712E-07,2,0,6.446,3.4
Story1,MODAL,LinModEigen,Mode,6,X,2.975E-07,53,25.115,13.821,3.4
Story1,MODAL,LinModEigen,Mode,6,Y,1E-06,2,0,6.446,3.4
Story1,MODAL,LinModEigen,Mode,7,X,1E-06,15,27.834,0,3.4
Story1,MODAL,LinModEigen,Mode,8,Y,1E-06,2,0,6.446,3.4
Story1,MODAL,LinModEigen,Mode,9,X,1E-06,53,25.115,13.821,3.4
Story1,MODAL,LinModEigen,Mode,9,Y,2E-06,2,0,6.446,3.4
Story1,MODAL,LinModEigen,Mode,10,X,2E-06,15,27.834,0,3.4
Story1,MODAL,LinModEigen,Mode,11,Y,2E-06,2,0,6.446,3.4
Story1,MODAL,LinModEigen,Mode,12,X,1E-06,53,25.115,13.821,3.4
Story1,PP,LinStatic,None,None,Y,6E-06,2,0,6.446,3.4
Story1,TERP,LinStatic,None,None,Y,1E-06,2,0,6.446,3.4
Story1,TERT,LinStatic,None,None,Y,6.081E-08,2,0,6.446,3.4
Story1,SCP,LinStatic,None,None,Y,2E-06,2,0,6.446,3.4
Story1,SCT,LinStatic,None,None,Y,6.081E-08,2,0,6.446,3.4
Story1,SEx,LinRespSpec,Max,None,X,0.000157,15,27.834,0,3.4
Story1,SEx,LinRespSpec,Max,None,Y,0.000114,22,38.505,13.821,3.4
Story1,SEy,LinRespSpec,Max,None,X,2.2E-05,53,25.115,13.821,3.4
Story1,SEy,LinRespSpec,Max,None,Y,0.000165,2,0,6.446,3.4
Story1,SEx_b2,LinRespSpec,Max,None,X,0.000152,15,27.834,0,3.4
Story1,SEx_b2,LinRespSpec,Max,None,Y,0.000102,22,38.505,13.821,3.4
Story1,SEy_b2,LinRespSpec,Max,None,Y,0.000131,2,0,6.446,3.4
Story1,ED1_C1_1.4CP,Combination,None,None,Y,1E-05,2,0,6.446,3.4
Story1,ED1_C2_1.2CP_1.6L_0.5Lr,Combination,None,None,Y,1.3E-05,2,0,6.446,3.4
Story1,ED1_C3_1.2CP_L_1.6Lr,Combination,None,None,Y,1.2E-05,2,0,6.446,3.4
Story1,ED1_DYN_XP,Combination,Max,None,X,0.000221,15,27.834,0,3.4
Story1,ED1_DYN_XP,Combination,Max,None,Y,0.000158,22,38.505,13.821,3.4
Story1,ED1_DYN_XP,Combination,Min,None,X,0.000217,15,27.834,0,3.4
Story1,ED1_DYN_XP,Combination,Min,None,Y,0.00016,22,38.505,13.821,3.4
Story1,ED1_DYN_XN,Combination,Max,None,X,0.000221,15,27.834,0,3.4
Story1,ED1_DYN_XN,Combination,Max,None,Y,0.000158,22,38.505,13.821,3.4
Story1,ED1_DYN_XN,Combination,Min,None,X,0.000217,15,27.834,0,3.4
Story1,ED1_DYN_XN,Combination,Min,None,Y,0.00016,22,38.505,13.821,3.4
Story1,ED1_DYN_YP,Combination,Max,None,X,2.9E-05,53,25.115,13.821,3.4
Story1,ED1_DYN_YP,Combination,Max,None,Y,0.00022,2,0,6.446,3.4
Story1,ED1_DYN_YP,Combination,Min,None,X,3.3E-05,53,25.115,13.821,3.4
Story1,ED1_DYN_YP,Combination,Min,None,Y,0.000243,2,0,6.446,3.4
Story1,ED1_DYN_YN,Combination,Max,None,X,2.9E-05,53,25.115,13.821,3.4
Story1,ED1_DYN_YN,Combination,Max,None,Y,0.00022,2,0,6.446,3.4
Story1,ED1_DYN_YN,Combination,Min,None,X,3.3E-05,53,25.115,13.821,3.4
Story1,ED1_DYN_YN,Combination,Min,None,Y,0.000243,2,0,6.446,3.4
Story1,ED1_DYN_09_XP,Combination,Max,None,X,0.00022,15,27.834,0,3.4
Story1,ED1_DYN_09_XP,Combination,Max,None,Y,0.000158,22,38.505,13.821,3.4
Story1,ED1_DYN_09_XP,Combination,Min,None,X,0.000218,15,27.834,0,3.4
Story1,ED1_DYN_09_XP,Combination,Min,None,Y,0.00016,22,38.505,13.821,3.4
Story1,ED1_DYN_09_XN,Combination,Max,None,X,0.00022,15,27.834,0,3.4
Story1,ED1_DYN_09_XN,Combination,Max,None,Y,0.000158,22,38.505,13.821,3.4
Story1,ED1_DYN_09_XN,Combination,Min,None,X,0.000218,15,27.834,0,3.4
Story1,ED1_DYN_09_XN,Combination,Min,None,Y,0.00016,22,38.505,13.821,3.4
Story1,ED1_DYN_09_YP,Combination,Max,None,X,3E-05,53,25.115,13.821,3.4
Story1,ED1_DYN_09_YP,Combination,Max,None,Y,0.000225,2,0,6.446,3.4
Story1,ED1_DYN_09_YP,Combination,Min,None,X,3.2E-05,53,25.115,13.821,3.4
Story1,ED1_DYN_09_YP,Combination,Min,None,Y,0.000238,2,0,6.446,3.4
Story1,ED1_DYN_09_YN,Combination,Max,None,X,3E-05,53,25.115,13.821,3.4
Story1,ED1_DYN_09_YN,Combination,Max,None,Y,0.000225,2,0,6.446,3.4
Story1,ED1_DYN_09_YN,Combination,Min,None,X,3.2E-05,53,25.115,13.821,3.4
Story1,ED1_DYN_09_YN,Combination,Min,None,Y,0.000238,2,0,6.446,3.4
