Story,Diaphragm,OutputCase,CaseType,StepType,StepNumber,UX,UY,RZ,Point,X,Y,Z
Story20,D1,Dead,LinStatic,None,None,2.5E-05,-0.002123,7.9E-05,1351,19.8056,6.945,52.8
Story20,D1,Live,LinStatic,None,None,0,0,0,1351,19.8056,6.945,52.8
Story20,D1,MODAL,LinModEigen,Mode,1,1.3E-05,1E-06,1E-06,1351,19.8056,6.945,52.8
Story20,D1,MODAL,LinModEigen,Mode,2,1E-06,1.8E-05,-1.586E-07,1351,19.8056,6.945,52.8
Story20,D1,MODAL,LinModEigen,Mode,3,-1.2E-05,2E-06,1E-06,1351,19.8056,6.945,52.8
Story20,D1,MODAL,LinModEigen,Mode,4,1.7E-05,3.945E-07,4.163E-07,1351,19.8056,6.945,52.8
Story20,D1,MODAL,LinModEigen,Mode,5,-2.981E-07,1.8E-05,-3.031E-08,1351,19.8056,6.945,52.8
Story20,D1,MODAL,LinModEigen,Mode,6,-5E-06,2.949E-07,1E-06,1351,19.8056,6.945,52.8
Story20,D1,MODAL,LinModEigen,Mode,7,1.6E-05,1.468E-07,3.2E-07,1351,19.8056,6.945,52.8
Story20,D1,MODAL,LinModEigen,Mode,8,-7.95E-08,1.7E-05,-2.239E-08,1351,19.8056,6.945,52.8
Story20,D1,MODAL,LinModEigen,Mode,9,4E-06,-2.722E-07,-1E-06,1351,19.8056,6.945,52.8
Story20,D1,MODAL,LinModEigen,Mode,10,1.5E-05,2.914E-08,2.789E-07,1351,19.8056,6.945,52.8
Story20,D1,MODAL,LinModEigen,Mode,11,8.007E-08,1.6E-05,-4.106E-08,1351,19.8056,6.945,52.8
Story20,D1,MODAL,LinModEigen,Mode,12,-3E-06,1E-06,1E-06,1351,19.8056,6.945,52.8
Story20,D1,PP,LinStatic,None,None,2.5E-05,-0.002123,7.9E-05,1351,19.8056,6.945,52.8
Story20,D1,TERP,LinStatic,None,None,-6E-06,-0.000474,1.9E-05,1351,19.8056,6.945,52.8
Story20,D1,TERT,LinStatic,None,None,-1.405E-07,-2.7E-05,1E-06,1351,19.8056,6.945,52.8
Story20,D1,SCP,LinStatic,None,None,-1.1E-05,-0.000847,3.4E-05,1351,19.8056,6.945,52.8
Story20,D1,SCT,LinStatic,None,None,-1.405E-07,-2.7E-05,1E-06,1351,19.8056,6.945,52.8
Story20,D1,SEx,LinRespSpec,Max,None,0.037371,0.002651,0.001917,1351,19.8056,6.945,52.8
Story20,D1,SEy,LinRespSpec,Max,None,0.003036,0.040941,0.000806,1351,19.8056,6.945,52.8
Story20,D1,SEx_b2,LinRespSpec,Max,None,0.037141,0.002618,0.001707,1351,19.8056,6.945,52.8
Story20,D1,SEy_b2,LinRespSpec,Max,None,0.002396,0.040848,0.00022,1351,19.8056,6.945,52.8
Story20,D1,TorX+,LinStatic,None,None,0,0,0,1351,19.8056,6.945,52.8
Story20,D1,TorX-,LinStatic,None,None,0,0,0,1351,19.8056,6.945,52.8
Story20,D1,TorY+,LinStatic,None,None,0,0,0,1351,19.8056,6.945,52.8
Story20,D1,TorY-,LinStatic,None,None,0,0,0,1351,19.8056,6.945,52.8
Story20,D1,ED1_C1_1.4CP,Combination,None,None,2.7E-05,-0.003674,0.000138,1351,19.8056,6.945,52.8
Story20,D1,ED1_C2_1.2CP_1.6L_0.5Lr,Combination,None,None,6E-06,-0.004517,0.000173,1351,19.8056,6.945,52.8
Story20,D1,ED1_C3_1.2CP_L_1.6Lr,Combination,None,None,1.2E-05,-0.004039,0.000154,1351,19.8056,6.945,52.8
Story20,D1,ED1_DYN_XP,Combination,Max,None,0.052332,-0.000284,0.002836,1351,19.8056,6.945,52.8
Story20,D1,ED1_DYN_XP,Combination,Min,None,-0.052308,-0.007707,-0.002532,1351,19.8056,6.945,52.8
Story20,D1,ED1_DYN_XN,Combination,Max,None,0.052332,-0.000284,0.002836,1351,19.8056,6.945,52.8
Story20,D1,ED1_DYN_XN,Combination,Min,None,-0.052308,-0.007707,-0.002532,1351,19.8056,6.945,52.8
Story20,D1,ED1_DYN_YP,Combination,Max,None,0.004263,0.053322,0.001281,1351,19.8056,6.945,52.8
Story20,D1,ED1_DYN_YP,Combination,Min,None,-0.004239,-0.061313,-0.000977,1351,19.8056,6.945,52.8
Story20,D1,ED1_DYN_YN,Combination,Max,None,0.004263,0.053322,0.001281,1351,19.8056,6.945,52.8
Story20,D1,ED1_DYN_YN,Combination,Min,None,-0.004239,-0.061313,-0.000977,1351,19.8056,6.945,52.8
Story20,D1,ED1_DYN_09_XP,Combination,Max,None,0.052337,0.00135,0.002773,1351,19.8056,6.945,52.8
Story20,D1,ED1_DYN_09_XP,Combination,Min,None,-0.052302,-0.006073,-0.002595,1351,19.8056,6.945,52.8
Story20,D1,ED1_DYN_09_XN,Combination,Max,None,0.052337,0.00135,0.002773,1351,19.8056,6.945,52.8
Story20,D1,ED1_DYN_09_XN,Combination,Min,None,-0.052302,-0.006073,-0.002595,1351,19.8056,6.945,52.8
Story20,D1,ED1_DYN_09_YP,Combination,Max,None,0.004268,0.054956,0.001218,1351,19.8056,6.945,52.8
Story20,D1,ED1_DYN_09_YP,Combination,Min,None,-0.004234,-0.059679,-0.00104,1351,19.8056,6.945,52.8
Story20,D1,ED1_DYN_09_YN,Combination,Max,None,0.004268,0.054956,0.001218,1351,19.8056,6.945,52.8
Story20,D1,ED1_DYN_09_YN,Combination,Min,None,-0.004234,-0.059679,-0.00104,1351,19.8056,6.945,52.8
Story19,D1,Dead,LinStatic,None,None,1.6E-05,-0.001962,7.3E-05,1352,19.82,7.0331,50.2
Story19,D1,Live,LinStatic,None,None,0,0,0,1352,19.82,7.0331,50.2
Story19,D1,MODAL,LinModEigen,Mode,1,1.2E-05,1E-06,1E-06,1352,19.82,7.0331,50.2
Story19,D1,MODAL,LinModEigen,Mode,2,1E-06,1.7E-05,-1.484E-07,1352,19.82,7.0331,50.2
Story19,D1,MODAL,LinModEigen,Mode,3,-1.1E-05,2E-06,1E-06,1352,19.82,7.0331,50.2
Story19,D1,MODAL,LinModEigen,Mode,4,1.3E-05,3.064E-07,3.225E-07,1352,19.82,7.0331,50.2
Story19,D1,MODAL,LinModEigen,Mode,5,-2.385E-07,1.4E-05,-2.331E-08,1352,19.82,7.0331,50.2
Story19,D1,MODAL,LinModEigen,Mode,6,-4E-06,2.488E-07,1E-06,1352,19.82,7.0331,50.2
Story19,D1,MODAL,LinModEigen,Mode,7,1E-05,8.77E-08,2.001E-07,1352,19.82,7.0331,50.2
Story19,D1,MODAL,LinModEigen,Mode,8,-5.708E-08,1.1E-05,-1.485E-08,1352,19.82,7.0331,50.2
Story19,D1,MODAL,LinModEigen,Mode,9,2E-06,-1.771E-07,-1E-06,1352,19.82,7.0331,50.2
Story19,D1,MODAL,LinModEigen,Mode,10,7E-06,5.947E-09,1.29E-07,1352,19.82,7.0331,50.2
Story19,D1,MODAL,LinModEigen,Mode,11,3.276E-08,8E-06,-2.066E-08,1352,19.82,7.0331,50.2
Story19,D1,MODAL,LinModEigen,Mode,12,-2E-06,2.421E-07,1E-06,1352,19.82,7.0331,50.2
Story19,D1,PP,LinStatic,None,None,1.6E-05,-0.001962,7.3E-05,1352,19.82,7.0331,50.2
Story19,D1,TERP,LinStatic,None,None,-7E-06,-0.000438,1.7E-05,1352,19.82,7.0331,50.2
Story19,D1,TERT,LinStatic,None,None,-1.518E-07,-2.5E-05,1E-06,1352,19.82,7.0331,50.2
Story19,D1,SCP,LinStatic,None,None,-1.3E-05,-0.000782,3.1E-05,1352,19.82,7.0331,50.2
Story19,D1,SCT,LinStatic,None,None,-1.518E-07,-2.5E-05,1E-06,1352,19.82,7.0331,50.2
Story19,D1,SEx,LinRespSpec,Max,None,0.035259,0.002511,0.001798,1352,19.82,7.0331,50.2
Story19,D1,SEy,LinRespSpec,Max,None,0.002834,0.038381,0.000755,1352,19.82,7.0331,50.2
Story19,D1,SEx_b2,LinRespSpec,Max,None,0.03506,0.002483,0.001601,1352,19.82,7.0331,50.2
Story19,D1,SEy_b2,LinRespSpec,Max,None,0.00228,0.038303,0.000206,1352,19.82,7.0331,50.2
Story19,D1,TorX+,LinStatic,None,None,0,0,0,1352,19.82,7.0331,50.2
Story19,D1,TorX-,LinStatic,None,None,0,0,0,1352,19.82,7.0331,50.2
Story19,D1,TorY+,LinStatic,None,None,0,0,0,1352,19.82,7.0331,50.2
Story19,D1,TorY-,LinStatic,None,None,0,0,0,1352,19.82,7.0331,50.2
Story19,D1,ED1_C1_1.4CP,Combination,None,None,1.2E-05,-0.003395,0.000128,1352,19.82,7.0331,50.2
Story19,D1,ED1_C2_1.2CP_1.6L_0.5Lr,Combination,None,None,-1.1E-05,-0.004173,0.00016,1352,19.82,7.0331,50.2
Story19,D1,ED1_C3_1.2CP_L_1.6Lr,Combination,None,None,-3E-06,-0.003732,0.000142,1352,19.82,7.0331,50.2
Story19,D1,ED1_DYN_XP,Combination,Max,None,0.04936,-0.000176,0.002658,1352,19.82,7.0331,50.2
Story19,D1,ED1_DYN_XP,Combination,Min,None,-0.049366,-0.007207,-0.002376,1352,19.82,7.0331,50.2
Story19,D1,ED1_DYN_XN,Combination,Max,None,0.04936,-0.000176,0.002658,1352,19.82,7.0331,50.2
Story19,D1,ED1_DYN_XN,Combination,Min,None,-0.049366,-0.007207,-0.002376,1352,19.82,7.0331,50.2
Story19,D1,ED1_DYN_YP,Combination,Max,None,0.003964,0.050041,0.001198,1352,19.82,7.0331,50.2
Story19,D1,ED1_DYN_YP,Combination,Min,None,-0.00397,-0.057424,-0.000917,1352,19.82,7.0331,50.2
Story19,D1,ED1_DYN_YN,Combination,Max,None,0.003964,0.050041,0.001198,1352,19.82,7.0331,50.2
Story19,D1,ED1_DYN_YN,Combination,Min,None,-0.00397,-0.057424,-0.000917,1352,19.82,7.0331,50.2
Story19,D1,ED1_DYN_09_XP,Combination,Max,None,0.049371,0.001333,0.002599,1352,19.82,7.0331,50.2
Story19,D1,ED1_DYN_09_XP,Combination,Min,None,-0.049355,-0.005697,-0.002434,1352,19.82,7.0331,50.2
Story19,D1,ED1_DYN_09_XN,Combination,Max,None,0.049371,0.001333,0.002599,1352,19.82,7.0331,50.2
Story19,D1,ED1_DYN_09_XN,Combination,Min,None,-0.049355,-0.005697,-0.002434,1352,19.82,7.0331,50.2
Story19,D1,ED1_DYN_09_YP,Combination,Max,None,0.003975,0.051551,0.00114,1352,19.82,7.0331,50.2
Story19,D1,ED1_DYN_09_YP,Combination,Min,None,-0.003959,-0.055915,-0.000975,1352,19.82,7.0331,50.2
Story19,D1,ED1_DYN_09_YN,Combination,Max,None,0.003975,0.051551,0.00114,1352,19.82,7.0331,50.2
Story19,D1,ED1_DYN_09_YN,Combination,Min,None,-0.003959,-0.055915,-0.000975,1352,19.82,7.0331,50.2
Story18,D1,Dead,LinStatic,None,None,1.4E-05,-0.001802,6.7E-05,1353,19.82,7.0331,47.6
Story18,D1,Live,LinStatic,None,None,0,0,0,1353,19.82,7.0331,47.6
Story18,D1,MODAL,LinModEigen,Mode,1,1.2E-05,1E-06,1E-06,1353,19.82,7.0331,47.6
Story18,D1,MODAL,LinModEigen,Mode,2,1E-06,1.6E-05,-1.381E-07,1353,19.82,7.0331,47.6
Story18,D1,MODAL,LinModEigen,Mode,3,-1.1E-05,2E-06,1E-06,1353,19.82,7.0331,47.6
Story18,D1,MODAL,LinModEigen,Mode,4,1E-05,2.121E-07,2.273E-07,1353,19.82,7.0331,47.6
Story18,D1,MODAL,LinModEigen,Mode,5,-1.785E-07,1E-05,-1.616E-08,1353,19.82,7.0331,47.6
Story18,D1,MODAL,LinModEigen,Mode,6,-3E-06,1.807E-07,1E-06,1353,19.82,7.0331,47.6
Story18,D1,MODAL,LinModEigen,Mode,7,4E-06,2.636E-08,7.785E-08,1353,19.82,7.0331,47.6
Story18,D1,MODAL,LinModEigen,Mode,8,-3.214E-08,4E-06,-6.629E-09,1353,19.82,7.0331,47.6
Story18,D1,MODAL,LinModEigen,Mode,9,1E-06,-6.434E-08,-3.484E-07,1353,19.82,7.0331,47.6
Story18,D1,MODAL,LinModEigen,Mode,10,-1E-06,-1.469E-08,-2.103E-08,1353,19.82,7.0331,47.6
Story18,D1,MODAL,LinModEigen,Mode,11,-1.379E-08,-1E-06,1.044E-09,1353,19.82,7.0331,47.6
Story18,D1,MODAL,LinModEigen,Mode,12,6.975E-08,-4.238E-08,-7.375E-08,1353,19.82,7.0331,47.6
Story18,D1,PP,LinStatic,None,None,1.4E-05,-0.001802,6.7E-05,1353,19.82,7.0331,47.6
Story18,D1,TERP,LinStatic,None,None,-7E-06,-0.000402,1.6E-05,1353,19.82,7.0331,47.6
Story18,D1,TERT,LinStatic,None,None,-7.161E-08,-2.3E-05,1E-06,1353,19.82,7.0331,47.6
Story18,D1,SCP,LinStatic,None,None,-1.3E-05,-0.000718,2.9E-05,1353,19.82,7.0331,47.6
Story18,D1,SCT,LinStatic,None,None,-7.161E-08,-2.3E-05,1E-06,1353,19.82,7.0331,47.6
Story18,D1,SEx,LinRespSpec,Max,None,0.033153,0.002348,0.001678,1353,19.82,7.0331,47.6
Story18,D1,SEy,LinRespSpec,Max,None,0.002661,0.035815,0.000704,1353,19.82,7.0331,47.6
Story18,D1,SEx_b2,LinRespSpec,Max,None,0.032967,0.002322,0.001494,1353,19.82,7.0331,47.6
Story18,D1,SEy_b2,LinRespSpec,Max,None,0.002142,0.035745,0.000192,1353,19.82,7.0331,47.6
Story18,D1,TorX+,LinStatic,None,None,0,0,0,1353,19.82,7.0331,47.6
Story18,D1,TorX-,LinStatic,None,None,0,0,0,1353,19.82,7.0331,47.6
Story18,D1,TorY+,LinStatic,None,None,0,0,0,1353,19.82,7.0331,47.6
Story18,D1,TorY-,LinStatic,None,None,0,0,0,1353,19.82,7.0331,47.6
Story18,D1,ED1_C1_1.4CP,Combination,None,None,1E-05,-0.003118,0.000118,1353,19.82,7.0331,47.6
Story18,D1,ED1_C2_1.2CP_1.6L_0.5Lr,Combination,None,None,-1.2E-05,-0.003833,0.000147,1353,19.82,7.0331,47.6
Story18,D1,ED1_C3_1.2CP_L_1.6Lr,Combination,None,None,-5E-06,-0.003428,0.000131,1353,19.82,7.0331,47.6
Story18,D1,ED1_DYN_XP,Combination,Max,None,0.04641,-0.000104,0.002478,1353,19.82,7.0331,47.6
Story18,D1,ED1_DYN_XP,Combination,Min,None,-0.046419,-0.006678,-0.002219,1353,19.82,7.0331,47.6
Story18,D1,ED1_DYN_XN,Combination,Max,None,0.04641,-0.000104,0.002478,1353,19.82,7.0331,47.6
Story18,D1,ED1_DYN_XN,Combination,Min,None,-0.046419,-0.006678,-0.002219,1353,19.82,7.0331,47.6
Story18,D1,ED1_DYN_YP,Combination,Max,None,0.003721,0.04675,0.001115,1353,19.82,7.0331,47.6
Story18,D1,ED1_DYN_YP,Combination,Min,None,-0.00373,-0.053532,-0.000856,1353,19.82,7.0331,47.6
Story18,D1,ED1_DYN_YN,Combination,Max,None,0.003721,0.04675,0.001115,1353,19.82,7.0331,47.6
Story18,D1,ED1_DYN_YN,Combination,Min,None,-0.00373,-0.053532,-0.000856,1353,19.82,7.0331,47.6
Story18,D1,ED1_DYN_09_XP,Combination,Max,None,0.046421,0.001282,0.002424,1353,19.82,7.0331,47.6
Story18,D1,ED1_DYN_09_XP,Combination,Min,None,-0.046408,-0.005291,-0.002273,1353,19.82,7.0331,47.6
Story18,D1,ED1_DYN_09_XN,Combination,Max,None,0.046421,0.001282,0.002424,1353,19.82,7.0331,47.6
Story18,D1,ED1_DYN_09_XN,Combination,Min,None,-0.046408,-0.005291,-0.002273,1353,19.82,7.0331,47.6
Story18,D1,ED1_DYN_09_YP,Combination,Max,None,0.003731,0.048137,0.001061,1353,19.82,7.0331,47.6
Story18,D1,ED1_DYN_09_YP,Combination,Min,None,-0.003719,-0.052146,-0.00091,1353,19.82,7.0331,47.6
Story18,D1,ED1_DYN_09_YN,Combination,Max,None,0.003731,0.048137,0.001061,1353,19.82,7.0331,47.6
Story18,D1,ED1_DYN_09_YN,Combination,Min,None,-0.003719,-0.052146,-0.00091,1353,19.82,7.0331,47.6
Story17,D1,Dead,LinStatic,None,None,1.2E-05,-0.001644,6.2E-05,1354,19.82,7.0331,45
Story17,D1,Live,LinStatic,None,None,0,0,0,1354,19.82,7.0331,45
Story17,D1,MODAL,LinModEigen,Mode,1,1.1E-05,1E-06,1E-06,1354,19.82,7.0331,45
Story17,D1,MODAL,LinModEigen,Mode,2,1E-06,1.5E-05,-1.278E-07,1354,19.82,7.0331,45
Story17,D1,MODAL,LinModEigen,Mode,3,-1E-05,2E-06,1E-06,1354,19.82,7.0331,45
Story17,D1,MODAL,LinModEigen,Mode,4,6E-06,1.191E-07,1.323E-07,1354,19.82,7.0331,45
Story17,D1,MODAL,LinModEigen,Mode,5,-1.165E-07,6E-06,-8.977E-09,1354,19.82,7.0331,45
Story17,D1,MODAL,LinModEigen,Mode,6,-2E-06,1.127E-07,4.631E-07,1354,19.82,7.0331,45
Story17,D1,MODAL,LinModEigen,Mode,7,-2E-06,-2.849E-08,-3.755E-08,1354,19.82,7.0331,45
Story17,D1,MODAL,LinModEigen,Mode,8,-4.723E-09,-2E-06,1.611E-09,1354,19.82,7.0331,45
Story17,D1,MODAL,LinModEigen,Mode,9,-3.096E-07,3.781E-08,1.469E-07,1354,19.82,7.0331,45
Story17,D1,MODAL,LinModEigen,Mode,10,-8E-06,-2.604E-08,-1.441E-07,1354,19.82,7.0331,45
Story17,D1,MODAL,LinModEigen,Mode,11,-4.72E-08,-8E-06,1.997E-08,1354,19.82,7.0331,45
Story17,D1,MODAL,LinModEigen,Mode,12,2E-06,-2.682E-07,-1E-06,1354,19.82,7.0331,45
Story17,D1,PP,LinStatic,None,None,1.2E-05,-0.001644,6.2E-05,1354,19.82,7.0331,45
Story17,D1,TERP,LinStatic,None,None,-7E-06,-0.000367,1.5E-05,1354,19.82,7.0331,45
Story17,D1,TERT,LinStatic,None,None,-6.713E-09,-2.1E-05,1E-06,1354,19.82,7.0331,45
Story17,D1,SCP,LinStatic,None,None,-1.3E-05,-0.000655,2.6E-05,1354,19.82,7.0331,45
Story17,D1,SCT,LinStatic,None,None,-6.713E-09,-2.1E-05,1E-06,1354,19.82,7.0331,45
Story17,D1,SEx,LinRespSpec,Max,None,0.031014,0.002183,0.001557,1354,19.82,7.0331,45
Story17,D1,SEy,LinRespSpec,Max,None,0.002485,0.033236,0.000652,1354,19.82,7.0331,45
Story17,D1,SEx_b2,LinRespSpec,Max,None,0.03084,0.00216,0.001386,1354,19.82,7.0331,45
Story17,D1,SEy_b2,LinRespSpec,Max,None,0.002002,0.033172,0.000178,1354,19.82,7.0331,45
Story17,D1,TorX+,LinStatic,None,None,0,0,0,1354,19.82,7.0331,45
Story17,D1,TorX-,LinStatic,None,None,0,0,0,1354,19.82,7.0331,45
Story17,D1,TorY+,LinStatic,None,None,0,0,0,1354,19.82,7.0331,45
Story17,D1,TorY-,LinStatic,None,None,0,0,0,1354,19.82,7.0331,45
Story17,D1,ED1_C1_1.4CP,Combination,None,None,7E-06,-0.002845,0.000108,1354,19.82,7.0331,45
Story17,D1,ED1_C2_1.2CP_1.6L_0.5Lr,Combination,None,None,-1.4E-05,-0.003497,0.000135,1354,19.82,7.0331,45
Story17,D1,ED1_C3_1.2CP_L_1.6Lr,Combination,None,None,-6E-06,-0.003127,0.00012,1354,19.82,7.0331,45
Story17,D1,ED1_DYN_XP,Combination,Max,None,0.043413,-3.7E-05,0.002298,1354,19.82,7.0331,45
Story17,D1,ED1_DYN_XP,Combination,Min,None,-0.043426,-0.00615,-0.002061,1354,19.82,7.0331,45
Story17,D1,ED1_DYN_XN,Combination,Max,None,0.043413,-3.7E-05,0.002298,1354,19.82,7.0331,45
Story17,D1,ED1_DYN_XN,Combination,Min,None,-0.043426,-0.00615,-0.002061,1354,19.82,7.0331,45
Story17,D1,ED1_DYN_YP,Combination,Max,None,0.003473,0.043437,0.001032,1354,19.82,7.0331,45
Story17,D1,ED1_DYN_YP,Combination,Min,None,-0.003486,-0.049624,-0.000795,1354,19.82,7.0331,45
Story17,D1,ED1_DYN_YN,Combination,Max,None,0.003473,0.043437,0.001032,1354,19.82,7.0331,45
Story17,D1,ED1_DYN_YN,Combination,Min,None,-0.003486,-0.049624,-0.000795,1354,19.82,7.0331,45
Story17,D1,ED1_DYN_09_XP,Combination,Max,None,0.043424,0.001227,0.002249,1354,19.82,7.0331,45
Story17,D1,ED1_DYN_09_XP,Combination,Min,None,-0.043415,-0.004885,-0.00211,1354,19.82,7.0331,45
Story17,D1,ED1_DYN_09_XN,Combination,Max,None,0.043424,0.001227,0.002249,1354,19.82,7.0331,45
Story17,D1,ED1_DYN_09_XN,Combination,Min,None,-0.043415,-0.004885,-0.00211,1354,19.82,7.0331,45
Story17,D1,ED1_DYN_09_YP,Combination,Max,None,0.003484,0.044701,0.000983,1354,19.82,7.0331,45
Story17,D1,ED1_DYN_09_YP,Combination,Min,None,-0.003475,-0.048359,-0.000844,1354,19.82,7.0331,45
Story17,D1,ED1_DYN_09_YN,Combination,Max,None,0.003484,0.044701,0.000983,1354,19.82,7.0331,45
Story17,D1,ED1_DYN_09_YN,Combination,Min,None,-0.003475,-0.048359,-0.000844,1354,19.82,7.0331,45
Story16,D1,Dead,LinStatic,None,None,1E-05,-0.001489,5.6E-05,1355,19.82,7.0331,42.4
Story16,D1,Live,LinStatic,None,None,0,0,0,1355,19.82,7.0331,42.4
Story16,D1,MODAL,LinModEigen,Mode,1,1E-05,1E-06,1E-06,1355,19.82,7.0331,42.4
Story16,D1,MODAL,LinModEigen,Mode,2,1E-06,1.4E-05,-1.175E-07,1355,19.82,7.0331,42.4
Story16,D1,MODAL,LinModEigen,Mode,3,-9E-06,1E-06,1E-06,1355,19.82,7.0331,42.4
Story16,D1,MODAL,LinModEigen,Mode,4,2E-06,2.947E-08,3.98E-08,1355,19.82,7.0331,42.4
Story16,D1,MODAL,LinModEigen,Mode,5,-5.386E-08,2E-06,-1.966E-09,1355,19.82,7.0331,42.4
Story16,D1,MODAL,LinModEigen,Mode,6,-1E-06,4.631E-08,1.431E-07,1355,19.82,7.0331,42.4
Story16,D1,MODAL,LinModEigen,Mode,7,-7E-06,-7.22E-08,-1.351E-07,1355,19.82,7.0331,42.4
Story16,D1,MODAL,LinModEigen,Mode,8,2.205E-08,-7E-06,8.955E-09,1355,19.82,7.0331,42.4
Story16,D1,MODAL,LinModEigen,Mode,9,-1E-06,1.208E-07,1E-06,1355,19.82,7.0331,42.4
Story16,D1,MODAL,LinModEigen,Mode,10,-1.2E-05,-2.699E-08,-2.143E-07,1355,19.82,7.0331,42.4
Story16,D1,MODAL,LinModEigen,Mode,11,-6.157E-08,-1.2E-05,3.181E-08,1355,19.82,7.0331,42.4
Story16,D1,MODAL,LinModEigen,Mode,12,2E-06,-3.912E-07,-1E-06,1355,19.82,7.0331,42.4
Story16,D1,PP,LinStatic,None,None,1E-05,-0.001489,5.6E-05,1355,19.82,7.0331,42.4
Story16,D1,TERP,LinStatic,None,None,-7E-06,-0.000332,1.3E-05,1355,19.82,7.0331,42.4
Story16,D1,TERT,LinStatic,None,None,4.393E-08,-1.8E-05,1E-06,1355,19.82,7.0331,42.4
Story16,D1,SCP,LinStatic,None,None,-1.2E-05,-0.000593,2.4E-05,1355,19.82,7.0331,42.4
Story16,D1,SCT,LinStatic,None,None,4.393E-08,-1.8E-05,1E-06,1355,19.82,7.0331,42.4
Story16,D1,SEx,LinRespSpec,Max,None,0.02884,0.002017,0.001436,1355,19.82,7.0331,42.4
Story16,D1,SEy,LinRespSpec,Max,None,0.002307,0.030647,0.000601,1355,19.82,7.0331,42.4
Story16,D1,SEx_b2,LinRespSpec,Max,None,0.028679,0.001997,0.001279,1355,19.82,7.0331,42.4
Story16,D1,SEy_b2,LinRespSpec,Max,None,0.00186,0.03059,0.000163,1355,19.82,7.0331,42.4
Story16,D1,TorX+,LinStatic,None,None,0,0,0,1355,19.82,7.0331,42.4
Story16,D1,TorX-,LinStatic,None,None,0,0,0,1355,19.82,7.0331,42.4
Story16,D1,TorY+,LinStatic,None,None,0,0,0,1355,19.82,7.0331,42.4
Story16,D1,TorY-,LinStatic,None,None,0,0,0,1355,19.82,7.0331,42.4
Story16,D1,ED1_C1_1.4CP,Combination,None,None,5E-06,-0.002576,9.8E-05,1355,19.82,7.0331,42.4
Story16,D1,ED1_C2_1.2CP_1.6L_0.5Lr,Combination,None,None,-1.5E-05,-0.003166,0.000122,1355,19.82,7.0331,42.4
Story16,D1,ED1_C3_1.2CP_L_1.6Lr,Combination,None,None,-7E-06,-0.002831,0.000109,1355,19.82,7.0331,42.4
Story16,D1,ED1_DYN_XP,Combination,Max,None,0.040368,2.3E-05,0.002117,1355,19.82,7.0331,42.4
Story16,D1,ED1_DYN_XP,Combination,Min,None,-0.040383,-0.005625,-0.001902,1355,19.82,7.0331,42.4
Story16,D1,ED1_DYN_XN,Combination,Max,None,0.040368,2.3E-05,0.002117,1355,19.82,7.0331,42.4
Story16,D1,ED1_DYN_XN,Combination,Min,None,-0.040383,-0.005625,-0.001902,1355,19.82,7.0331,42.4
Story16,D1,ED1_DYN_YP,Combination,Max,None,0.003223,0.040104,0.000949,1355,19.82,7.0331,42.4
Story16,D1,ED1_DYN_YP,Combination,Min,None,-0.003238,-0.045707,-0.000733,1355,19.82,7.0331,42.4
Story16,D1,ED1_DYN_YN,Combination,Max,None,0.003223,0.040104,0.000949,1355,19.82,7.0331,42.4
Story16,D1,ED1_DYN_YN,Combination,Min,None,-0.003238,-0.045707,-0.000733,1355,19.82,7.0331,42.4
Story16,D1,ED1_DYN_09_XP,Combination,Max,None,0.040379,0.001168,0.002073,1355,19.82,7.0331,42.4
Story16,D1,ED1_DYN_09_XP,Combination,Min,None,-0.040372,-0.00448,-0.001947,1355,19.82,7.0331,42.4
Story16,D1,ED1_DYN_09_XN,Combination,Max,None,0.040379,0.001168,0.002073,1355,19.82,7.0331,42.4
Story16,D1,ED1_DYN_09_XN,Combination,Min,None,-0.040372,-0.00448,-0.001947,1355,19.82,7.0331,42.4
Story16,D1,ED1_DYN_09_YP,Combination,Max,None,0.003234,0.04125,0.000904,1355,19.82,7.0331,42.4
Story16,D1,ED1_DYN_09_YP,Combination,Min,None,-0.003227,-0.044562,-0.000778,1355,19.82,7.0331,42.4
Story16,D1,ED1_DYN_09_YN,Combination,Max,None,0.003234,0.04125,0.000904,1355,19.82,7.0331,42.4
Story16,D1,ED1_DYN_09_YN,Combination,Min,None,-0.003227,-0.044562,-0.000778,1355,19.82,7.0331,42.4
Story15,D1,Dead,LinStatic,None,None,9E-06,-0.001337,5E-05,1356,19.82,7.0331,39.8
Story15,D1,Live,LinStatic,None,None,0,0,0,1356,19.82,7.0331,39.8
Story15,D1,MODAL,LinModEigen,Mode,1,9E-06,4.784E-07,1E-06,1356,19.82,7.0331,39.8
Story15,D1,MODAL,LinModEigen,Mode,2,1E-06,1.3E-05,-1.072E-07,1356,19.82,7.0331,39.8
Story15,D1,MODAL,LinModEigen,Mode,3,-9E-06,1E-06,1E-06,1356,19.82,7.0331,39.8
Story15,D1,MODAL,LinModEigen,Mode,4,-1E-06,-5.427E-08,-4.758E-08,1356,19.82,7.0331,39.8
Story15,D1,MODAL,LinModEigen,Mode,5,7.306E-09,-2E-06,4.661E-09,1356,19.82,7.0331,39.8
Story15,D1,MODAL,LinModEigen,Mode,6,3.79E-07,-1.677E-08,-1.586E-07,1356,19.82,7.0331,39.8
Story15,D1,MODAL,LinModEigen,Mode,7,-1E-05,-1.007E-07,-2.044E-07,1356,19.82,7.0331,39.8
Story15,D1,MODAL,LinModEigen,Mode,8,4.475E-08,-1E-05,1.454E-08,1356,19.82,7.0331,39.8
Story15,D1,MODAL,LinModEigen,Mode,9,-2E-06,1.768E-07,1E-06,1356,19.82,7.0331,39.8
Story15,D1,MODAL,LinModEigen,Mode,10,-1.2E-05,-1.837E-08,-2.171E-07,1356,19.82,7.0331,39.8
Story15,D1,MODAL,LinModEigen,Mode,11,-5.545E-08,-1.2E-05,3.391E-08,1356,19.82,7.0331,39.8
Story15,D1,MODAL,LinModEigen,Mode,12,3E-06,-3.883E-07,-1E-06,1356,19.82,7.0331,39.8
Story15,D1,PP,LinStatic,None,None,9E-06,-0.001337,5E-05,1356,19.82,7.0331,39.8
Story15,D1,TERP,LinStatic,None,None,-6E-06,-0.000298,1.2E-05,1356,19.82,7.0331,39.8
Story15,D1,TERT,LinStatic,None,None,8.013E-08,-1.6E-05,1E-06,1356,19.82,7.0331,39.8
Story15,D1,SCP,LinStatic,None,None,-1.1E-05,-0.000533,2.2E-05,1356,19.82,7.0331,39.8
Story15,D1,SCT,LinStatic,None,None,8.013E-08,-1.6E-05,1E-06,1356,19.82,7.0331,39.8
Story15,D1,SEx,LinRespSpec,Max,None,0.026633,0.00185,0.001314,1356,19.82,7.0331,39.8
Story15,D1,SEy,LinRespSpec,Max,None,0.002127,0.028055,0.000549,1356,19.82,7.0331,39.8
Story15,D1,SEx_b2,LinRespSpec,Max,None,0.026485,0.001832,0.001171,1356,19.82,7.0331,39.8
Story15,D1,SEy_b2,LinRespSpec,Max,None,0.001715,0.028004,0.000149,1356,19.82,7.0331,39.8
Story15,D1,TorX+,LinStatic,None,None,0,0,0,1356,19.82,7.0331,39.8
Story15,D1,TorX-,LinStatic,None,None,0,0,0,1356,19.82,7.0331,39.8
Story15,D1,TorY+,LinStatic,None,None,0,0,0,1356,19.82,7.0331,39.8
Story15,D1,TorY-,LinStatic,None,None,0,0,0,1356,19.82,7.0331,39.8
Story15,D1,ED1_C1_1.4CP,Combination,None,None,3E-06,-0.002313,8.8E-05,1356,19.82,7.0331,39.8
Story15,D1,ED1_C2_1.2CP_1.6L_0.5Lr,Combination,None,None,-1.5E-05,-0.002843,0.00011,1356,19.82,7.0331,39.8
Story15,D1,ED1_C3_1.2CP_L_1.6Lr,Combination,None,None,-8E-06,-0.002541,9.8E-05,1356,19.82,7.0331,39.8
Story15,D1,ED1_DYN_XP,Combination,Max,None,0.037278,7.5E-05,0.001937,1356,19.82,7.0331,39.8
Story15,D1,ED1_DYN_XP,Combination,Min,None,-0.037295,-0.005106,-0.001743,1356,19.82,7.0331,39.8
Story15,D1,ED1_DYN_XN,Combination,Max,None,0.037278,7.5E-05,0.001937,1356,19.82,7.0331,39.8
Story15,D1,ED1_DYN_XN,Combination,Min,None,-0.037295,-0.005106,-0.001743,1356,19.82,7.0331,39.8
Story15,D1,ED1_DYN_YP,Combination,Max,None,0.002969,0.036762,0.000866,1356,19.82,7.0331,39.8
Story15,D1,ED1_DYN_YP,Combination,Min,None,-0.002986,-0.041792,-0.000671,1356,19.82,7.0331,39.8
Story15,D1,ED1_DYN_YN,Combination,Max,None,0.002969,0.036762,0.000866,1356,19.82,7.0331,39.8
Story15,D1,ED1_DYN_YN,Combination,Min,None,-0.002986,-0.041792,-0.000671,1356,19.82,7.0331,39.8
Story15,D1,ED1_DYN_09_XP,Combination,Max,None,0.037289,0.001104,0.001896,1356,19.82,7.0331,39.8
Story15,D1,ED1_DYN_09_XP,Combination,Min,None,-0.037284,-0.004077,-0.001783,1356,19.82,7.0331,39.8
Story15,D1,ED1_DYN_09_XN,Combination,Max,None,0.037289,0.001104,0.001896,1356,19.82,7.0331,39.8
Story15,D1,ED1_DYN_09_XN,Combination,Min,None,-0.037284,-0.004077,-0.001783,1356,19.82,7.0331,39.8
Story15,D1,ED1_DYN_09_YP,Combination,Max,None,0.002979,0.03779,0.000825,1356,19.82,7.0331,39.8
Story15,D1,ED1_DYN_09_YP,Combination,Min,None,-0.002975,-0.040764,-0.000712,1356,19.82,7.0331,39.8
Story15,D1,ED1_DYN_09_YN,Combination,Max,None,0.002979,0.03779,0.000825,1356,19.82,7.0331,39.8
Story15,D1,ED1_DYN_09_YN,Combination,Min,None,-0.002975,-0.040764,-0.000712,1356,19.82,7.0331,39.8
Story14,D1,Dead,LinStatic,None,None,7E-06,-0.00119,4.5E-05,1357,19.82,7.0331,37.2
Story14,D1,Live,LinStatic,None,None,0,0,0,1357,19.82,7.0331,37.2
Story14,D1,MODAL,LinModEigen,Mode,1,9E-06,4.356E-07,1E-06,1357,19.82,7.0331,37.2
Story14,D1,MODAL,LinModEigen,Mode,2,4.717E-07,1.1E-05,-9.702E-08,1357,19.82,7.0331,37.2
Story14,D1,MODAL,LinModEigen,Mode,3,-8E-06,1E-06,1E-06,1357,19.82,7.0331,37.2
Story14,D1,MODAL,LinModEigen,Mode,4,-5E-06,-1.296E-07,-1.27E-07,1357,19.82,7.0331,37.2
Story14,D1,MODAL,LinModEigen,Mode,5,6.487E-08,-5E-06,1.069E-08,1357,19.82,7.0331,37.2
Story14,D1,MODAL,LinModEigen,Mode,6,1E-06,-7.445E-08,-4.325E-07,1357,19.82,7.0331,37.2
Story14,D1,MODAL,LinModEigen,Mode,7,-1.2E-05,-1.113E-07,-2.383E-07,1357,19.82,7.0331,37.2
Story14,D1,MODAL,LinModEigen,Mode,8,6.034E-08,-1.2E-05,1.772E-08,1357,19.82,7.0331,37.2
Story14,D1,MODAL,LinModEigen,Mode,9,-3E-06,2.006E-07,1E-06,1357,19.82,7.0331,37.2
Story14,D1,MODAL,LinModEigen,Mode,10,-9E-06,-2.989E-09,-1.544E-07,1357,19.82,7.0331,37.2
Story14,D1,MODAL,LinModEigen,Mode,11,-3.237E-08,-9E-06,2.604E-08,1357,19.82,7.0331,37.2
Story14,D1,MODAL,LinModEigen,Mode,12,2E-06,-2.674E-07,-1E-06,1357,19.82,7.0331,37.2
Story14,D1,PP,LinStatic,None,None,7E-06,-0.00119,4.5E-05,1357,19.82,7.0331,37.2
Story14,D1,TERP,LinStatic,None,None,-6E-06,-0.000265,1.1E-05,1357,19.82,7.0331,37.2
Story14,D1,TERT,LinStatic,None,None,1.038E-07,-1.4E-05,1E-06,1357,19.82,7.0331,37.2
Story14,D1,SCP,LinStatic,None,None,-1.1E-05,-0.000474,1.9E-05,1357,19.82,7.0331,37.2
Story14,D1,SCT,LinStatic,None,None,1.038E-07,-1.4E-05,1E-06,1357,19.82,7.0331,37.2
Story14,D1,SEx,LinRespSpec,Max,None,0.0244,0.001683,0.001193,1357,19.82,7.0331,37.2
Story14,D1,SEy,LinRespSpec,Max,None,0.001944,0.025471,0.000498,1357,19.82,7.0331,37.2
Story14,D1,SEx_b2,LinRespSpec,Max,None,0.024265,0.001667,0.001063,1357,19.82,7.0331,37.2
Story14,D1,SEy_b2,LinRespSpec,Max,None,0.001569,0.025426,0.000135,1357,19.82,7.0331,37.2
Story14,D1,TorX+,LinStatic,None,None,0,0,0,1357,19.82,7.0331,37.2
Story14,D1,TorX-,LinStatic,None,None,0,0,0,1357,19.82,7.0331,37.2
Story14,D1,TorY+,LinStatic,None,None,0,0,0,1357,19.82,7.0331,37.2
Story14,D1,TorY-,LinStatic,None,None,0,0,0,1357,19.82,7.0331,37.2
Story14,D1,ED1_C1_1.4CP,Combination,None,None,2E-06,-0.002057,7.9E-05,1357,19.82,7.0331,37.2
Story14,D1,ED1_C2_1.2CP_1.6L_0.5Lr,Combination,None,None,-1.6E-05,-0.002528,9.8E-05,1357,19.82,7.0331,37.2
Story14,D1,ED1_C3_1.2CP_L_1.6Lr,Combination,None,None,-9E-06,-0.00226,8.7E-05,1357,19.82,7.0331,37.2
Story14,D1,ED1_DYN_XP,Combination,Max,None,0.034151,0.000119,0.001757,1357,19.82,7.0331,37.2
Story14,D1,ED1_DYN_XP,Combination,Min,None,-0.034169,-0.004593,-0.001583,1357,19.82,7.0331,37.2
Story14,D1,ED1_DYN_XN,Combination,Max,None,0.034151,0.000119,0.001757,1357,19.82,7.0331,37.2
Story14,D1,ED1_DYN_XN,Combination,Min,None,-0.034169,-0.004593,-0.001583,1357,19.82,7.0331,37.2
Story14,D1,ED1_DYN_YP,Combination,Max,None,0.002712,0.033422,0.000783,1357,19.82,7.0331,37.2
Story14,D1,ED1_DYN_YP,Combination,Min,None,-0.002731,-0.037896,-0.00061,1357,19.82,7.0331,37.2
Story14,D1,ED1_DYN_YN,Combination,Max,None,0.002712,0.033422,0.000783,1357,19.82,7.0331,37.2
Story14,D1,ED1_DYN_YN,Combination,Min,None,-0.002731,-0.037896,-0.00061,1357,19.82,7.0331,37.2
Story14,D1,ED1_DYN_09_XP,Combination,Max,None,0.034161,0.001034,0.00172,1357,19.82,7.0331,37.2
Story14,D1,ED1_DYN_09_XP,Combination,Min,None,-0.034159,-0.003679,-0.001619,1357,19.82,7.0331,37.2
Story14,D1,ED1_DYN_09_XN,Combination,Max,None,0.034161,0.001034,0.00172,1357,19.82,7.0331,37.2
Story14,D1,ED1_DYN_09_XN,Combination,Min,None,-0.034159,-0.003679,-0.001619,1357,19.82,7.0331,37.2
Story14,D1,ED1_DYN_09_YP,Combination,Max,None,0.002723,0.034336,0.000747,1357,19.82,7.0331,37.2
Story14,D1,ED1_DYN_09_YP,Combination,Min,None,-0.002721,-0.036982,-0.000646,1357,19.82,7.0331,37.2
Story14,D1,ED1_DYN_09_YN,Combination,Max,None,0.002723,0.034336,0.000747,1357,19.82,7.0331,37.2
Story14,D1,ED1_DYN_09_YN,Combination,Min,None,-0.002721,-0.036982,-0.000646,1357,19.82,7.0331,37.2
Story13,D1,Dead,LinStatic,None,None,6E-06,-0.001048,4E-05,1358,19.82,7.0331,34.6
Story13,D1,Live,LinStatic,None,None,0,0,0,1358,19.82,7.0331,34.6
Story13,D1,MODAL,LinModEigen,Mode,1,8E-06,3.928E-07,1E-06,1358,19.82,7.0331,34.6
Story13,D1,MODAL,LinModEigen,Mode,2,4.259E-07,1E-05,-8.691E-08,1358,19.82,7.0331,34.6
Story13,D1,MODAL,LinModEigen,Mode,3,-7E-06,1E-06,1E-06,1358,19.82,7.0331,34.6
Story13,D1,MODAL,LinModEigen,Mode,4,-7E-06,-1.94E-07,-1.958E-07,1358,19.82,7.0331,34.6
Story13,D1,MODAL,LinModEigen,Mode,5,1.166E-07,-8E-06,1.591E-08,1358,19.82,7.0331,34.6
Story13,D1,MODAL,LinModEigen,Mode,6,2E-06,-1.247E-07,-1E-06,1358,19.82,7.0331,34.6
Story13,D1,MODAL,LinModEigen,Mode,7,-1.2E-05,-1.034E-07,-2.334E-07,1358,19.82,7.0331,34.6
Story13,D1,MODAL,LinModEigen,Mode,8,6.662E-08,-1.2E-05,1.811E-08,1358,19.82,7.0331,34.6
Story13,D1,MODAL,LinModEigen,Mode,9,-3E-06,1.907E-07,1E-06,1358,19.82,7.0331,34.6
Story13,D1,MODAL,LinModEigen,Mode,10,-3E-06,1.469E-08,-4.542E-08,1358,19.82,7.0331,34.6
Story13,D1,MODAL,LinModEigen,Mode,11,3.269E-11,-3E-06,1.06E-08,1358,19.82,7.0331,34.6
Story13,D1,MODAL,LinModEigen,Mode,12,1E-06,-6.65E-08,-2.381E-07,1358,19.82,7.0331,34.6
Story13,D1,PP,LinStatic,None,None,6E-06,-0.001048,4E-05,1358,19.82,7.0331,34.6
Story13,D1,TERP,LinStatic,None,None,-6E-06,-0.000233,1E-05,1358,19.82,7.0331,34.6
Story13,D1,TERT,LinStatic,None,None,1.169E-07,-1.2E-05,4.406E-07,1358,19.82,7.0331,34.6
Story13,D1,SCP,LinStatic,None,None,-1E-05,-0.000417,1.7E-05,1358,19.82,7.0331,34.6
Story13,D1,SCT,LinStatic,None,None,1.169E-07,-1.2E-05,4.406E-07,1358,19.82,7.0331,34.6
Story13,D1,SEx,LinRespSpec,Max,None,0.022149,0.001516,0.001072,1358,19.82,7.0331,34.6
Story13,D1,SEy,LinRespSpec,Max,None,0.00176,0.022906,0.000447,1358,19.82,7.0331,34.6
Story13,D1,SEx_b2,LinRespSpec,Max,None,0.022027,0.001502,0.000956,1358,19.82,7.0331,34.6
Story13,D1,SEy_b2,LinRespSpec,Max,None,0.001421,0.022866,0.000121,1358,19.82,7.0331,34.6
Story13,D1,TorX+,LinStatic,None,None,0,0,0,1358,19.82,7.0331,34.6
Story13,D1,TorX-,LinStatic,None,None,0,0,0,1358,19.82,7.0331,34.6
Story13,D1,TorY+,LinStatic,None,None,0,0,0,1358,19.82,7.0331,34.6
Story13,D1,TorY-,LinStatic,None,None,0,0,0,1358,19.82,7.0331,34.6
Story13,D1,ED1_C1_1.4CP,Combination,None,None,8.777E-08,-0.001811,7E-05,1358,19.82,7.0331,34.6
Story13,D1,ED1_C2_1.2CP_1.6L_0.5Lr,Combination,None,None,-1.6E-05,-0.002225,8.7E-05,1358,19.82,7.0331,34.6
Story13,D1,ED1_C3_1.2CP_L_1.6Lr,Combination,None,None,-1E-05,-0.001989,7.7E-05,1358,19.82,7.0331,34.6
Story13,D1,ED1_DYN_XP,Combination,Max,None,0.030999,0.000154,0.001578,1358,19.82,7.0331,34.6
Story13,D1,ED1_DYN_XP,Combination,Min,None,-0.031019,-0.004091,-0.001425,1358,19.82,7.0331,34.6
Story13,D1,ED1_DYN_XN,Combination,Max,None,0.030999,0.000154,0.001578,1358,19.82,7.0331,34.6
Story13,D1,ED1_DYN_XN,Combination,Min,None,-0.031019,-0.004091,-0.001425,1358,19.82,7.0331,34.6
Story13,D1,ED1_DYN_YP,Combination,Max,None,0.002454,0.030099,0.000702,1358,19.82,7.0331,34.6
Story13,D1,ED1_DYN_YP,Combination,Min,None,-0.002474,-0.034036,-0.000549,1358,19.82,7.0331,34.6
Story13,D1,ED1_DYN_YN,Combination,Max,None,0.002454,0.030099,0.000702,1358,19.82,7.0331,34.6
Story13,D1,ED1_DYN_YN,Combination,Min,None,-0.002474,-0.034036,-0.000549,1358,19.82,7.0331,34.6
Story13,D1,ED1_DYN_09_XP,Combination,Max,None,0.031009,0.000959,0.001546,1358,19.82,7.0331,34.6
Story13,D1,ED1_DYN_09_XP,Combination,Min,None,-0.031009,-0.003287,-0.001457,1358,19.82,7.0331,34.6
Story13,D1,ED1_DYN_09_XN,Combination,Max,None,0.031009,0.000959,0.001546,1358,19.82,7.0331,34.6
Story13,D1,ED1_DYN_09_XN,Combination,Min,None,-0.031009,-0.003287,-0.001457,1358,19.82,7.0331,34.6
Story13,D1,ED1_DYN_09_YP,Combination,Max,None,0.002464,0.030904,0.00067,1358,19.82,7.0331,34.6
Story13,D1,ED1_DYN_09_YP,Combination,Min,None,-0.002464,-0.033232,-0.000581,1358,19.82,7.0331,34.6
Story13,D1,ED1_DYN_09_YN,Combination,Max,None,0.002464,0.030904,0.00067,1358,19.82,7.0331,34.6
Story13,D1,ED1_DYN_09_YN,Combination,Min,None,-0.002464,-0.033232,-0.000581,1358,19.82,7.0331,34.6
Story12,D1,Dead,LinStatic,None,None,4E-06,-0.000911,3.5E-05,1359,19.82,7.0331,32
Story12,D1,Live,LinStatic,None,None,0,0,0,1359,19.82,7.0331,32
Story12,D1,MODAL,LinModEigen,Mode,1,7E-06,3.502E-07,1E-06,1359,19.82,7.0331,32
Story12,D1,MODAL,LinModEigen,Mode,2,3.802E-07,9E-06,-7.698E-08,1359,19.82,7.0331,32
Story12,D1,MODAL,LinModEigen,Mode,3,-6E-06,1E-06,1E-06,1359,19.82,7.0331,32
Story12,D1,MODAL,LinModEigen,Mode,4,-1E-05,-2.454E-07,-2.515E-07,1359,19.82,7.0331,32
Story12,D1,MODAL,LinModEigen,Mode,5,1.605E-07,-1E-05,2.016E-08,1359,19.82,7.0331,32
Story12,D1,MODAL,LinModEigen,Mode,6,3E-06,-1.655E-07,-1E-06,1359,19.82,7.0331,32
Story12,D1,MODAL,LinModEigen,Mode,7,-1E-05,-7.862E-08,-1.917E-07,1359,19.82,7.0331,32
Story12,D1,MODAL,LinModEigen,Mode,8,6.264E-08,-1E-05,1.574E-08,1359,19.82,7.0331,32
Story12,D1,MODAL,LinModEigen,Mode,9,-2E-06,1.498E-07,1E-06,1359,19.82,7.0331,32
Story12,D1,MODAL,LinModEigen,Mode,10,4E-06,2.96E-08,7.889E-08,1359,19.82,7.0331,32
Story12,D1,MODAL,LinModEigen,Mode,11,3.21E-08,4E-06,-8.076E-09,1359,19.82,7.0331,32
Story12,D1,MODAL,LinModEigen,Mode,12,-1E-06,1.561E-07,3.335E-07,1359,19.82,7.0331,32
Story12,D1,PP,LinStatic,None,None,4E-06,-0.000911,3.5E-05,1359,19.82,7.0331,32
Story12,D1,TERP,LinStatic,None,None,-5E-06,-0.000203,8E-06,1359,19.82,7.0331,32
Story12,D1,TERT,LinStatic,None,None,1.212E-07,-1.1E-05,3.766E-07,1359,19.82,7.0331,32
Story12,D1,SCP,LinStatic,None,None,-9E-06,-0.000362,1.5E-05,1359,19.82,7.0331,32
Story12,D1,SCT,LinStatic,None,None,1.212E-07,-1.1E-05,3.766E-07,1359,19.82,7.0331,32
Story12,D1,SEx,LinRespSpec,Max,None,0.019892,0.001351,0.000953,1359,19.82,7.0331,32
Story12,D1,SEy,LinRespSpec,Max,None,0.001576,0.020374,0.000397,1359,19.82,7.0331,32
Story12,D1,SEx_b2,LinRespSpec,Max,None,0.019783,0.001339,0.00085,1359,19.82,7.0331,32
Story12,D1,SEy_b2,LinRespSpec,Max,None,0.001273,0.02034,0.000107,1359,19.82,7.0331,32
Story12,D1,TorX+,LinStatic,None,None,0,0,0,1359,19.82,7.0331,32
Story12,D1,TorX-,LinStatic,None,None,0,0,0,1359,19.82,7.0331,32
Story12,D1,TorY+,LinStatic,None,None,0,0,0,1359,19.82,7.0331,32
Story12,D1,TorY-,LinStatic,None,None,0,0,0,1359,19.82,7.0331,32
Story12,D1,ED1_C1_1.4CP,Combination,None,None,-1E-06,-0.001574,6.1E-05,1359,19.82,7.0331,32
Story12,D1,ED1_C2_1.2CP_1.6L_0.5Lr,Combination,None,None,-1.6E-05,-0.001934,7.6E-05,1359,19.82,7.0331,32
Story12,D1,ED1_C3_1.2CP_L_1.6Lr,Combination,None,None,-1E-05,-0.001728,6.8E-05,1359,19.82,7.0331,32
Story12,D1,ED1_DYN_XP,Combination,Max,None,0.027838,0.00018,0.001402,1359,19.82,7.0331,32
Story12,D1,ED1_DYN_XP,Combination,Min,None,-0.027859,-0.003602,-0.001268,1359,19.82,7.0331,32
Story12,D1,ED1_DYN_XN,Combination,Max,None,0.027838,0.00018,0.001402,1359,19.82,7.0331,32
Story12,D1,ED1_DYN_XN,Combination,Min,None,-0.027859,-0.003602,-0.001268,1359,19.82,7.0331,32
Story12,D1,ED1_DYN_YP,Combination,Max,None,0.002197,0.026812,0.000622,1359,19.82,7.0331,32
Story12,D1,ED1_DYN_YP,Combination,Min,None,-0.002217,-0.030234,-0.000488,1359,19.82,7.0331,32
Story12,D1,ED1_DYN_YN,Combination,Max,None,0.002197,0.026812,0.000622,1359,19.82,7.0331,32
Story12,D1,ED1_DYN_YN,Combination,Min,None,-0.002217,-0.030234,-0.000488,1359,19.82,7.0331,32
Story12,D1,ED1_DYN_09_XP,Combination,Max,None,0.027848,0.000879,0.001374,1359,19.82,7.0331,32
Story12,D1,ED1_DYN_09_XP,Combination,Min,None,-0.027849,-0.002903,-0.001296,1359,19.82,7.0331,32
Story12,D1,ED1_DYN_09_XN,Combination,Max,None,0.027848,0.000879,0.001374,1359,19.82,7.0331,32
Story12,D1,ED1_DYN_09_XN,Combination,Min,None,-0.027849,-0.002903,-0.001296,1359,19.82,7.0331,32
Story12,D1,ED1_DYN_09_YP,Combination,Max,None,0.002206,0.027511,0.000594,1359,19.82,7.0331,32
Story12,D1,ED1_DYN_09_YP,Combination,Min,None,-0.002207,-0.029535,-0.000516,1359,19.82,7.0331,32
Story12,D1,ED1_DYN_09_YN,Combination,Max,None,0.002206,0.027511,0.000594,1359,19.82,7.0331,32
Story12,D1,ED1_DYN_09_YN,Combination,Min,None,-0.002207,-0.029535,-0.000516,1359,19.82,7.0331,32
Story11,D1,Dead,LinStatic,None,None,3E-06,-0.000781,3E-05,1360,19.82,7.0331,29.4
Story11,D1,Live,LinStatic,None,None,0,0,0,1360,19.82,7.0331,29.4
Story11,D1,MODAL,LinModEigen,Mode,1,6E-06,3.081E-07,4.592E-07,1360,19.82,7.0331,29.4
Story11,D1,MODAL,LinModEigen,Mode,2,3.35E-07,8E-06,-6.728E-08,1360,19.82,7.0331,29.4
Story11,D1,MODAL,LinModEigen,Mode,3,-6E-06,1E-06,4.969E-07,1360,19.82,7.0331,29.4
Story11,D1,MODAL,LinModEigen,Mode,4,-1.2E-05,-2.822E-07,-2.924E-07,1360,19.82,7.0331,29.4
Story11,D1,MODAL,LinModEigen,Mode,5,1.947E-07,-1.2E-05,2.331E-08,1360,19.82,7.0331,29.4
Story11,D1,MODAL,LinModEigen,Mode,6,3E-06,-1.956E-07,-1E-06,1360,19.82,7.0331,29.4
Story11,D1,MODAL,LinModEigen,Mode,7,-6E-06,-4.086E-08,-1.197E-07,1360,19.82,7.0331,29.4
Story11,D1,MODAL,LinModEigen,Mode,8,4.888E-08,-6E-06,1.095E-08,1360,19.82,7.0331,29.4
Story11,D1,MODAL,LinModEigen,Mode,9,-2E-06,8.501E-08,1E-06,1360,19.82,7.0331,29.4
Story11,D1,MODAL,LinModEigen,Mode,10,1E-05,3.731E-08,1.835E-07,1360,19.82,7.0331,29.4
Story11,D1,MODAL,LinModEigen,Mode,11,5.478E-08,1E-05,-2.48E-08,1360,19.82,7.0331,29.4
Story11,D1,MODAL,LinModEigen,Mode,12,-2E-06,3.371E-07,1E-06,1360,19.82,7.0331,29.4
Story11,D1,PP,LinStatic,None,None,3E-06,-0.000781,3E-05,1360,19.82,7.0331,29.4
Story11,D1,TERP,LinStatic,None,None,-5E-06,-0.000174,7E-06,1360,19.82,7.0331,29.4
Story11,D1,TERT,LinStatic,None,None,1.186E-07,-9E-06,3.178E-07,1360,19.82,7.0331,29.4
Story11,D1,SCP,LinStatic,None,None,-8E-06,-0.00031,1.3E-05,1360,19.82,7.0331,29.4
Story11,D1,SCT,LinStatic,None,None,1.186E-07,-9E-06,3.178E-07,1360,19.82,7.0331,29.4
Story11,D1,SEx,LinRespSpec,Max,None,0.017641,0.001187,0.000837,1360,19.82,7.0331,29.4
Story11,D1,SEy,LinRespSpec,Max,None,0.001393,0.017891,0.000348,1360,19.82,7.0331,29.4
Story11,D1,SEx_b2,LinRespSpec,Max,None,0.017545,0.001177,0.000746,1360,19.82,7.0331,29.4
Story11,D1,SEy_b2,LinRespSpec,Max,None,0.001126,0.017862,9.4E-05,1360,19.82,7.0331,29.4
Story11,D1,TorX+,LinStatic,None,None,0,0,0,1360,19.82,7.0331,29.4
Story11,D1,TorX-,LinStatic,None,None,0,0,0,1360,19.82,7.0331,29.4
Story11,D1,TorY+,LinStatic,None,None,0,0,0,1360,19.82,7.0331,29.4
Story11,D1,TorY-,LinStatic,None,None,0,0,0,1360,19.82,7.0331,29.4
Story11,D1,ED1_C1_1.4CP,Combination,None,None,-2E-06,-0.001349,5.2E-05,1360,19.82,7.0331,29.4
Story11,D1,ED1_C2_1.2CP_1.6L_0.5Lr,Combination,None,None,-1.5E-05,-0.001657,6.5E-05,1360,19.82,7.0331,29.4
Story11,D1,ED1_C3_1.2CP_L_1.6Lr,Combination,None,None,-1E-05,-0.001481,5.8E-05,1360,19.82,7.0331,29.4
Story11,D1,ED1_DYN_XP,Combination,Max,None,0.024688,0.000196,0.001229,1360,19.82,7.0331,29.4
Story11,D1,ED1_DYN_XP,Combination,Min,None,-0.024708,-0.003129,-0.001114,1360,19.82,7.0331,29.4
Story11,D1,ED1_DYN_XN,Combination,Max,None,0.024688,0.000196,0.001229,1360,19.82,7.0331,29.4
Story11,D1,ED1_DYN_XN,Combination,Min,None,-0.024708,-0.003129,-0.001114,1360,19.82,7.0331,29.4
Story11,D1,ED1_DYN_YP,Combination,Max,None,0.00194,0.02358,0.000544,1360,19.82,7.0331,29.4
Story11,D1,ED1_DYN_YP,Combination,Min,None,-0.001961,-0.026513,-0.000429,1360,19.82,7.0331,29.4
Story11,D1,ED1_DYN_YN,Combination,Max,None,0.00194,0.02358,0.000544,1360,19.82,7.0331,29.4
Story11,D1,ED1_DYN_YN,Combination,Min,None,-0.001961,-0.026513,-0.000429,1360,19.82,7.0331,29.4
Story11,D1,ED1_DYN_09_XP,Combination,Max,None,0.024696,0.000795,0.001205,1360,19.82,7.0331,29.4
Story11,D1,ED1_DYN_09_XP,Combination,Min,None,-0.024699,-0.00253,-0.001138,1360,19.82,7.0331,29.4
Story11,D1,ED1_DYN_09_XN,Combination,Max,None,0.024696,0.000795,0.001205,1360,19.82,7.0331,29.4
Story11,D1,ED1_DYN_09_XN,Combination,Min,None,-0.024699,-0.00253,-0.001138,1360,19.82,7.0331,29.4
Story11,D1,ED1_DYN_09_YP,Combination,Max,None,0.001949,0.024179,0.00052,1360,19.82,7.0331,29.4
Story11,D1,ED1_DYN_09_YP,Combination,Min,None,-0.001952,-0.025914,-0.000453,1360,19.82,7.0331,29.4
Story11,D1,ED1_DYN_09_YN,Combination,Max,None,0.001949,0.024179,0.00052,1360,19.82,7.0331,29.4
Story11,D1,ED1_DYN_09_YN,Combination,Min,None,-0.001952,-0.025914,-0.000453,1360,19.82,7.0331,29.4
Story10,D1,Dead,LinStatic,None,None,2E-06,-0.000659,2.5E-05,1361,19.82,7.0331,26.8
Story10,D1,Live,LinStatic,None,None,0,0,0,1361,19.82,7.0331,26.8
Story10,D1,MODAL,LinModEigen,Mode,1,5E-06,2.668E-07,3.968E-07,1361,19.82,7.0331,26.8
Story10,D1,MODAL,LinModEigen,Mode,2,2.905E-07,7E-06,-5.79E-08,1361,19.82,7.0331,26.8
Story10,D1,MODAL,LinModEigen,Mode,3,-5E-06,1E-06,4.288E-07,1361,19.82,7.0331,26.8
Story10,D1,MODAL,LinModEigen,Mode,4,-1.3E-05,-3.035E-07,-3.172E-07,1361,19.82,7.0331,26.8
Story10,D1,MODAL,LinModEigen,Mode,5,2.18E-07,-1.3E-05,2.526E-08,1361,19.82,7.0331,26.8
Story10,D1,MODAL,LinModEigen,Mode,6,4E-06,-2.138E-07,-1E-06,1361,19.82,7.0331,26.8
Story10,D1,MODAL,LinModEigen,Mode,7,-2E-06,4.402E-09,-2.796E-08,1361,19.82,7.0331,26.8
Story10,D1,MODAL,LinModEigen,Mode,8,2.721E-08,-2E-06,4.426E-09,1361,19.82,7.0331,26.8
Story10,D1,MODAL,LinModEigen,Mode,9,-4.923E-07,6.252E-09,1.342E-07,1361,19.82,7.0331,26.8
Story10,D1,MODAL,LinModEigen,Mode,10,1.3E-05,3.525E-08,2.39E-07,1361,19.82,7.0331,26.8
Story10,D1,MODAL,LinModEigen,Mode,11,6.203E-08,1.3E-05,-3.495E-08,1361,19.82,7.0331,26.8
Story10,D1,MODAL,LinModEigen,Mode,12,-3E-06,4.255E-07,1E-06,1361,19.82,7.0331,26.8
Story10,D1,PP,LinStatic,None,None,2E-06,-0.000659,2.5E-05,1361,19.82,7.0331,26.8
Story10,D1,TERP,LinStatic,None,None,-4E-06,-0.000146,6E-06,1361,19.82,7.0331,26.8
Story10,D1,TERT,LinStatic,None,None,1.108E-07,-8E-06,2.639E-07,1361,19.82,7.0331,26.8
Story10,D1,SCP,LinStatic,None,None,-7E-06,-0.000261,1.1E-05,1361,19.82,7.0331,26.8
Story10,D1,SCT,LinStatic,None,None,1.108E-07,-8E-06,2.639E-07,1361,19.82,7.0331,26.8
Story10,D1,SEx,LinRespSpec,Max,None,0.015414,0.001028,0.000723,1361,19.82,7.0331,26.8
Story10,D1,SEy,LinRespSpec,Max,None,0.001213,0.015474,0.0003,1361,19.82,7.0331,26.8
Story10,D1,SEx_b2,LinRespSpec,Max,None,0.015331,0.001019,0.000644,1361,19.82,7.0331,26.8
Story10,D1,SEy_b2,LinRespSpec,Max,None,0.00098,0.01545,8.1E-05,1361,19.82,7.0331,26.8
Story10,D1,TorX+,LinStatic,None,None,0,0,0,1361,19.82,7.0331,26.8
Story10,D1,TorX-,LinStatic,None,None,0,0,0,1361,19.82,7.0331,26.8
Story10,D1,TorY+,LinStatic,None,None,0,0,0,1361,19.82,7.0331,26.8
Story10,D1,TorY-,LinStatic,None,None,0,0,0,1361,19.82,7.0331,26.8
Story10,D1,ED1_C1_1.4CP,Combination,None,None,-3E-06,-0.001137,4.4E-05,1361,19.82,7.0331,26.8
Story10,D1,ED1_C2_1.2CP_1.6L_0.5Lr,Combination,None,None,-1.4E-05,-0.001396,5.6E-05,1361,19.82,7.0331,26.8
Story10,D1,ED1_C3_1.2CP_L_1.6Lr,Combination,None,None,-1E-05,-0.001248,4.9E-05,1361,19.82,7.0331,26.8
Story10,D1,ED1_DYN_XP,Combination,Max,None,0.02157,0.000203,0.001061,1361,19.82,7.0331,26.8
Story10,D1,ED1_DYN_XP,Combination,Min,None,-0.021589,-0.002675,-0.000964,1361,19.82,7.0331,26.8
Story10,D1,ED1_DYN_XN,Combination,Max,None,0.02157,0.000203,0.001061,1361,19.82,7.0331,26.8
Story10,D1,ED1_DYN_XN,Combination,Min,None,-0.021589,-0.002675,-0.000964,1361,19.82,7.0331,26.8
Story10,D1,ED1_DYN_YP,Combination,Max,None,0.001688,0.020428,0.000469,1361,19.82,7.0331,26.8
Story10,D1,ED1_DYN_YP,Combination,Min,None,-0.001708,-0.022899,-0.000371,1361,19.82,7.0331,26.8
Story10,D1,ED1_DYN_YN,Combination,Max,None,0.001688,0.020428,0.000469,1361,19.82,7.0331,26.8
Story10,D1,ED1_DYN_YN,Combination,Min,None,-0.001708,-0.022899,-0.000371,1361,19.82,7.0331,26.8
Story10,D1,ED1_DYN_09_XP,Combination,Max,None,0.021578,0.000708,0.001041,1361,19.82,7.0331,26.8
Story10,D1,ED1_DYN_09_XP,Combination,Min,None,-0.021581,-0.00217,-0.000984,1361,19.82,7.0331,26.8
Story10,D1,ED1_DYN_09_XN,Combination,Max,None,0.021578,0.000708,0.001041,1361,19.82,7.0331,26.8
Story10,D1,ED1_DYN_09_XN,Combination,Min,None,-0.021581,-0.00217,-0.000984,1361,19.82,7.0331,26.8
Story10,D1,ED1_DYN_09_YP,Combination,Max,None,0.001696,0.020932,0.000448,1361,19.82,7.0331,26.8
Story10,D1,ED1_DYN_09_YP,Combination,Min,None,-0.0017,-0.022395,-0.000391,1361,19.82,7.0331,26.8
Story10,D1,ED1_DYN_09_YN,Combination,Max,None,0.001696,0.020932,0.000448,1361,19.82,7.0331,26.8
Story10,D1,ED1_DYN_09_YN,Combination,Min,None,-0.0017,-0.022395,-0.000391,1361,19.82,7.0331,26.8
Story9,D1,Dead,LinStatic,None,None,1E-06,-0.000545,2.1E-05,1362,19.82,7.0331,24.2
Story9,D1,Live,LinStatic,None,None,0,0,0,1362,19.82,7.0331,24.2
Story9,D1,MODAL,LinModEigen,Mode,1,5E-06,2.267E-07,3.364E-07,1362,19.82,7.0331,24.2
Story9,D1,MODAL,LinModEigen,Mode,2,2.474E-07,6E-06,-4.891E-08,1362,19.82,7.0331,24.2
Story9,D1,MODAL,LinModEigen,Mode,3,-4E-06,1E-06,3.632E-07,1362,19.82,7.0331,24.2
Story9,D1,MODAL,LinModEigen,Mode,4,-1.3E-05,-3.09E-07,-3.255E-07,1362,19.82,7.0331,24.2
Story9,D1,MODAL,LinModEigen,Mode,5,2.296E-07,-1.4E-05,2.599E-08,1362,19.82,7.0331,24.2
Story9,D1,MODAL,LinModEigen,Mode,6,4E-06,-2.199E-07,-1E-06,1362,19.82,7.0331,24.2
Story9,D1,MODAL,LinModEigen,Mode,7,3E-06,5.07E-08,7.027E-08,1362,19.82,7.0331,24.2
Story9,D1,MODAL,LinModEigen,Mode,8,6.671E-10,3E-06,-2.928E-09,1362,19.82,7.0331,24.2
Story9,D1,MODAL,LinModEigen,Mode,9,1E-06,-7.466E-08,-2.827E-07,1362,19.82,7.0331,24.2
Story9,D1,MODAL,LinModEigen,Mode,10,1.2E-05,2.341E-08,2.293E-07,1362,19.82,7.0331,24.2
Story9,D1,MODAL,LinModEigen,Mode,11,5.228E-08,1.3E-05,-3.571E-08,1362,19.82,7.0331,24.2
Story9,D1,MODAL,LinModEigen,Mode,12,-3E-06,3.962E-07,1E-06,1362,19.82,7.0331,24.2
Story9,D1,PP,LinStatic,None,None,1E-06,-0.000545,2.1E-05,1362,19.82,7.0331,24.2
Story9,D1,TERP,LinStatic,None,None,-4E-06,-0.000121,5E-06,1362,19.82,7.0331,24.2
Story9,D1,TERT,LinStatic,None,None,9.93E-08,-6E-06,2.151E-07,1362,19.82,7.0331,24.2
Story9,D1,SCP,LinStatic,None,None,-6E-06,-0.000215,9E-06,1362,19.82,7.0331,24.2
Story9,D1,SCT,LinStatic,None,None,9.93E-08,-6E-06,2.151E-07,1362,19.82,7.0331,24.2
Story9,D1,SEx,LinRespSpec,Max,None,0.013228,0.000873,0.000614,1362,19.82,7.0331,24.2
Story9,D1,SEy,LinRespSpec,Max,None,0.001037,0.013142,0.000254,1362,19.82,7.0331,24.2
Story9,D1,SEx_b2,LinRespSpec,Max,None,0.013157,0.000866,0.000547,1362,19.82,7.0331,24.2
Story9,D1,SEy_b2,LinRespSpec,Max,None,0.000838,0.013123,6.8E-05,1362,19.82,7.0331,24.2
Story9,D1,TorX+,LinStatic,None,None,0,0,0,1362,19.82,7.0331,24.2
Story9,D1,TorX-,LinStatic,None,None,0,0,0,1362,19.82,7.0331,24.2
Story9,D1,TorY+,LinStatic,None,None,0,0,0,1362,19.82,7.0331,24.2
Story9,D1,TorY-,LinStatic,None,None,0,0,0,1362,19.82,7.0331,24.2
Story9,D1,ED1_C1_1.4CP,Combination,None,None,-3E-06,-0.00094,3.7E-05,1362,19.82,7.0331,24.2
Story9,D1,ED1_C2_1.2CP_1.6L_0.5Lr,Combination,None,None,-1.3E-05,-0.001153,4.6E-05,1362,19.82,7.0331,24.2
Story9,D1,ED1_C3_1.2CP_L_1.6Lr,Combination,None,None,-9E-06,-0.00103,4.1E-05,1362,19.82,7.0331,24.2
Story9,D1,ED1_DYN_XP,Combination,Max,None,0.018511,0.000202,0.0009,1362,19.82,7.0331,24.2
Story9,D1,ED1_DYN_XP,Combination,Min,None,-0.018529,-0.002243,-0.000818,1362,19.82,7.0331,24.2
Story9,D1,ED1_DYN_XN,Combination,Max,None,0.018511,0.000202,0.0009,1362,19.82,7.0331,24.2
Story9,D1,ED1_DYN_XN,Combination,Min,None,-0.018529,-0.002243,-0.000818,1362,19.82,7.0331,24.2
Story9,D1,ED1_DYN_YP,Combination,Max,None,0.001442,0.017379,0.000397,1362,19.82,7.0331,24.2
Story9,D1,ED1_DYN_YP,Combination,Min,None,-0.00146,-0.01942,-0.000315,1362,19.82,7.0331,24.2
Story9,D1,ED1_DYN_YN,Combination,Max,None,0.001442,0.017379,0.000397,1362,19.82,7.0331,24.2
Story9,D1,ED1_DYN_YN,Combination,Min,None,-0.00146,-0.01942,-0.000315,1362,19.82,7.0331,24.2
Story9,D1,ED1_DYN_09_XP,Combination,Max,None,0.018518,0.000619,0.000883,1362,19.82,7.0331,24.2
Story9,D1,ED1_DYN_09_XP,Combination,Min,None,-0.018522,-0.001827,-0.000835,1362,19.82,7.0331,24.2
Story9,D1,ED1_DYN_09_XN,Combination,Max,None,0.018518,0.000619,0.000883,1362,19.82,7.0331,24.2
Story9,D1,ED1_DYN_09_XN,Combination,Min,None,-0.018522,-0.001827,-0.000835,1362,19.82,7.0331,24.2
Story9,D1,ED1_DYN_09_YP,Combination,Max,None,0.001449,0.017795,0.00038,1362,19.82,7.0331,24.2
Story9,D1,ED1_DYN_09_YP,Combination,Min,None,-0.001453,-0.019003,-0.000332,1362,19.82,7.0331,24.2
Story9,D1,ED1_DYN_09_YN,Combination,Max,None,0.001449,0.017795,0.00038,1362,19.82,7.0331,24.2
Story9,D1,ED1_DYN_09_YN,Combination,Min,None,-0.001453,-0.019003,-0.000332,1362,19.82,7.0331,24.2
Story8,D1,Dead,LinStatic,None,None,1E-06,-0.000439,1.7E-05,1363,19.82,7.0331,21.6
Story8,D1,Live,LinStatic,None,None,0,0,0,1363,19.82,7.0331,21.6
Story8,D1,MODAL,LinModEigen,Mode,1,4E-06,1.883E-07,2.788E-07,1363,19.82,7.0331,21.6
Story8,D1,MODAL,LinModEigen,Mode,2,2.058E-07,5E-06,-4.038E-08,1363,19.82,7.0331,21.6
Story8,D1,MODAL,LinModEigen,Mode,3,-4E-06,1E-06,3.006E-07,1363,19.82,7.0331,21.6
Story8,D1,MODAL,LinModEigen,Mode,4,-1.3E-05,-2.995E-07,-3.179E-07,1363,19.82,7.0331,21.6
Story8,D1,MODAL,LinModEigen,Mode,5,2.294E-07,-1.3E-05,2.552E-08,1363,19.82,7.0331,21.6
Story8,D1,MODAL,LinModEigen,Mode,6,4E-06,-2.142E-07,-1E-06,1363,19.82,7.0331,21.6
Story8,D1,MODAL,LinModEigen,Mode,7,8E-06,9.152E-08,1.612E-07,1363,19.82,7.0331,21.6
Story8,D1,MODAL,LinModEigen,Mode,8,-2.695E-08,8E-06,-1.011E-08,1363,19.82,7.0331,21.6
Story8,D1,MODAL,LinModEigen,Mode,9,2E-06,-1.459E-07,-1E-06,1363,19.82,7.0331,21.6
Story8,D1,MODAL,LinModEigen,Mode,10,9E-06,4.419E-09,1.562E-07,1363,19.82,7.0331,21.6
Story8,D1,MODAL,LinModEigen,Mode,11,2.87E-08,9E-06,-2.682E-08,1363,19.82,7.0331,21.6
Story8,D1,MODAL,LinModEigen,Mode,12,-2E-06,2.57E-07,1E-06,1363,19.82,7.0331,21.6
Story8,D1,PP,LinStatic,None,None,1E-06,-0.000439,1.7E-05,1363,19.82,7.0331,21.6
Story8,D1,TERP,LinStatic,None,None,-3E-06,-9.7E-05,4E-06,1363,19.82,7.0331,21.6
Story8,D1,TERT,LinStatic,None,None,8.546E-08,-5E-06,1.713E-07,1363,19.82,7.0331,21.6
Story8,D1,SCP,LinStatic,None,None,-6E-06,-0.000173,7E-06,1363,19.82,7.0331,21.6
Story8,D1,SCT,LinStatic,None,None,8.546E-08,-5E-06,1.713E-07,1363,19.82,7.0331,21.6
Story8,D1,SEx,LinRespSpec,Max,None,0.011106,0.000726,0.000509,1363,19.82,7.0331,21.6
Story8,D1,SEy,LinRespSpec,Max,None,0.000866,0.010917,0.000211,1363,19.82,7.0331,21.6
Story8,D1,SEx_b2,LinRespSpec,Max,None,0.011046,0.00072,0.000454,1363,19.82,7.0331,21.6
Story8,D1,SEy_b2,LinRespSpec,Max,None,0.000701,0.010901,5.6E-05,1363,19.82,7.0331,21.6
Story8,D1,TorX+,LinStatic,None,None,0,0,0,1363,19.82,7.0331,21.6
Story8,D1,TorX-,LinStatic,None,None,0,0,0,1363,19.82,7.0331,21.6
Story8,D1,TorY+,LinStatic,None,None,0,0,0,1363,19.82,7.0331,21.6
Story8,D1,TorY-,LinStatic,None,None,0,0,0,1363,19.82,7.0331,21.6
Story8,D1,ED1_C1_1.4CP,Combination,None,None,-3E-06,-0.000758,3E-05,1363,19.82,7.0331,21.6
Story8,D1,ED1_C2_1.2CP_1.6L_0.5Lr,Combination,None,None,-1.2E-05,-0.000929,3.8E-05,1363,19.82,7.0331,21.6
Story8,D1,ED1_C3_1.2CP_L_1.6Lr,Combination,None,None,-8E-06,-0.00083,3.3E-05,1363,19.82,7.0331,21.6
Story8,D1,ED1_DYN_XP,Combination,Max,None,0.01554,0.000193,0.000746,1363,19.82,7.0331,21.6
Story8,D1,ED1_DYN_XP,Combination,Min,None,-0.015556,-0.001838,-0.00068,1363,19.82,7.0331,21.6
Story8,D1,ED1_DYN_XN,Combination,Max,None,0.01554,0.000193,0.000746,1363,19.82,7.0331,21.6
Story8,D1,ED1_DYN_XN,Combination,Min,None,-0.015556,-0.001838,-0.00068,1363,19.82,7.0331,21.6
Story8,D1,ED1_DYN_YP,Combination,Max,None,0.001204,0.014461,0.000328,1363,19.82,7.0331,21.6
Story8,D1,ED1_DYN_YP,Combination,Min,None,-0.001221,-0.016106,-0.000262,1363,19.82,7.0331,21.6
Story8,D1,ED1_DYN_YN,Combination,Max,None,0.001204,0.014461,0.000328,1363,19.82,7.0331,21.6
Story8,D1,ED1_DYN_YN,Combination,Min,None,-0.001221,-0.016106,-0.000262,1363,19.82,7.0331,21.6
Story8,D1,ED1_DYN_09_XP,Combination,Max,None,0.015546,0.000529,0.000732,1363,19.82,7.0331,21.6
Story8,D1,ED1_DYN_09_XP,Combination,Min,None,-0.01555,-0.001503,-0.000693,1363,19.82,7.0331,21.6
Story8,D1,ED1_DYN_09_XN,Combination,Max,None,0.015546,0.000529,0.000732,1363,19.82,7.0331,21.6
Story8,D1,ED1_DYN_09_XN,Combination,Min,None,-0.01555,-0.001503,-0.000693,1363,19.82,7.0331,21.6
Story8,D1,ED1_DYN_09_YP,Combination,Max,None,0.001211,0.014796,0.000314,1363,19.82,7.0331,21.6
Story8,D1,ED1_DYN_09_YP,Combination,Min,None,-0.001215,-0.01577,-0.000276,1363,19.82,7.0331,21.6
Story8,D1,ED1_DYN_09_YN,Combination,Max,None,0.001211,0.014796,0.000314,1363,19.82,7.0331,21.6
Story8,D1,ED1_DYN_09_YN,Combination,Min,None,-0.001215,-0.01577,-0.000276,1363,19.82,7.0331,21.6
Story7,D1,Dead,LinStatic,None,None,2.34E-07,-0.000344,1.3E-05,1364,19.82,7.0331,19
Story7,D1,Live,LinStatic,None,None,0,0,0,1364,19.82,7.0331,19
Story7,D1,MODAL,LinModEigen,Mode,1,3E-06,1.519E-07,2.246E-07,1364,19.82,7.0331,19
Story7,D1,MODAL,LinModEigen,Mode,2,1.665E-07,4E-06,-3.242E-08,1364,19.82,7.0331,19
Story7,D1,MODAL,LinModEigen,Mode,3,-3E-06,4.122E-07,2.419E-07,1364,19.82,7.0331,19
Story7,D1,MODAL,LinModEigen,Mode,4,-1.2E-05,-2.763E-07,-2.955E-07,1364,19.82,7.0331,19
Story7,D1,MODAL,LinModEigen,Mode,5,2.179E-07,-1.2E-05,2.394E-08,1364,19.82,7.0331,19
Story7,D1,MODAL,LinModEigen,Mode,6,4E-06,-1.977E-07,-1E-06,1364,19.82,7.0331,19
Story7,D1,MODAL,LinModEigen,Mode,7,1.1E-05,1.213E-07,2.323E-07,1364,19.82,7.0331,19
Story7,D1,MODAL,LinModEigen,Mode,8,-5.165E-08,1.2E-05,-1.614E-08,1364,19.82,7.0331,19
Story7,D1,MODAL,LinModEigen,Mode,9,3E-06,-1.975E-07,-1E-06,1364,19.82,7.0331,19
Story7,D1,MODAL,LinModEigen,Mode,10,3E-06,-1.706E-08,3.89E-08,1364,19.82,7.0331,19
Story7,D1,MODAL,LinModEigen,Mode,11,-1.986E-09,3E-06,-1.059E-08,1364,19.82,7.0331,19
Story7,D1,MODAL,LinModEigen,Mode,12,-1E-06,4.551E-08,2.109E-07,1364,19.82,7.0331,19
Story7,D1,PP,LinStatic,None,None,2.34E-07,-0.000344,1.3E-05,1364,19.82,7.0331,19
Story7,D1,TERP,LinStatic,None,None,-3E-06,-7.6E-05,3E-06,1364,19.82,7.0331,19
Story7,D1,TERT,LinStatic,None,None,7.043E-08,-4E-06,1.325E-07,1364,19.82,7.0331,19
Story7,D1,SCP,LinStatic,None,None,-5E-06,-0.000135,6E-06,1364,19.82,7.0331,19
Story7,D1,SCT,LinStatic,None,None,7.043E-08,-4E-06,1.325E-07,1364,19.82,7.0331,19
Story7,D1,SEx,LinRespSpec,Max,None,0.00907,0.000586,0.00041,1364,19.82,7.0331,19
Story7,D1,SEy,LinRespSpec,Max,None,0.000704,0.008819,0.00017,1364,19.82,7.0331,19
Story7,D1,SEx_b2,LinRespSpec,Max,None,0.009022,0.000581,0.000366,1364,19.82,7.0331,19
Story7,D1,SEy_b2,LinRespSpec,Max,None,0.000569,0.008807,4.5E-05,1364,19.82,7.0331,19
Story7,D1,TorX+,LinStatic,None,None,0,0,0,1364,19.82,7.0331,19
Story7,D1,TorX-,LinStatic,None,None,0,0,0,1364,19.82,7.0331,19
Story7,D1,TorY+,LinStatic,None,None,0,0,0,1364,19.82,7.0331,19
Story7,D1,TorY-,LinStatic,None,None,0,0,0,1364,19.82,7.0331,19
Story7,D1,ED1_C1_1.4CP,Combination,None,None,-3E-06,-0.000592,2.4E-05,1364,19.82,7.0331,19
Story7,D1,ED1_C2_1.2CP_1.6L_0.5Lr,Combination,None,None,-1E-05,-0.000726,3E-05,1364,19.82,7.0331,19
Story7,D1,ED1_C3_1.2CP_L_1.6Lr,Combination,None,None,-7E-06,-0.000649,2.6E-05,1364,19.82,7.0331,19
Story7,D1,ED1_DYN_XP,Combination,Max,None,0.012691,0.000178,0.000601,1364,19.82,7.0331,19
Story7,D1,ED1_DYN_XP,Combination,Min,None,-0.012706,-0.001463,-0.000549,1364,19.82,7.0331,19
Story7,D1,ED1_DYN_XN,Combination,Max,None,0.012691,0.000178,0.000601,1364,19.82,7.0331,19
Story7,D1,ED1_DYN_XN,Combination,Min,None,-0.012706,-0.001463,-0.000549,1364,19.82,7.0331,19
Story7,D1,ED1_DYN_YP,Combination,Max,None,0.000978,0.011704,0.000264,1364,19.82,7.0331,19
Story7,D1,ED1_DYN_YP,Combination,Min,None,-0.000993,-0.01299,-0.000212,1364,19.82,7.0331,19
Story7,D1,ED1_DYN_YN,Combination,Max,None,0.000978,0.011704,0.000264,1364,19.82,7.0331,19
Story7,D1,ED1_DYN_YN,Combination,Min,None,-0.000993,-0.01299,-0.000212,1364,19.82,7.0331,19
Story7,D1,ED1_DYN_09_XP,Combination,Max,None,0.012696,0.000439,0.00059,1364,19.82,7.0331,19
Story7,D1,ED1_DYN_09_XP,Combination,Min,None,-0.0127,-0.001201,-0.000559,1364,19.82,7.0331,19
Story7,D1,ED1_DYN_09_XN,Combination,Max,None,0.012696,0.000439,0.00059,1364,19.82,7.0331,19
Story7,D1,ED1_DYN_09_XN,Combination,Min,None,-0.0127,-0.001201,-0.000559,1364,19.82,7.0331,19
Story7,D1,ED1_DYN_09_YP,Combination,Max,None,0.000983,0.011966,0.000253,1364,19.82,7.0331,19
Story7,D1,ED1_DYN_09_YP,Combination,Min,None,-0.000987,-0.012728,-0.000223,1364,19.82,7.0331,19
Story7,D1,ED1_DYN_09_YN,Combination,Max,None,0.000983,0.011966,0.000253,1364,19.82,7.0331,19
Story7,D1,ED1_DYN_09_YN,Combination,Min,None,-0.000987,-0.012728,-0.000223,1364,19.82,7.0331,19
Story6,D1,Dead,LinStatic,None,None,-4.2E-08,-0.000258,1E-05,1365,19.82,7.0331,16.4
Story6,D1,Live,LinStatic,None,None,0,0,0,1365,19.82,7.0331,16.4
Story6,D1,MODAL,LinModEigen,Mode,1,2E-06,1.181E-07,1.745E-07,1365,19.82,7.0331,16.4
Story6,D1,MODAL,LinModEigen,Mode,2,1.298E-07,3E-06,-2.509E-08,1365,19.82,7.0331,16.4
Story6,D1,MODAL,LinModEigen,Mode,3,-2E-06,3.214E-07,1.877E-07,1365,19.82,7.0331,16.4
Story6,D1,MODAL,LinModEigen,Mode,4,-1.1E-05,-2.417E-07,-2.607E-07,1365,19.82,7.0331,16.4
Story6,D1,MODAL,LinModEigen,Mode,5,1.963E-07,-1.1E-05,2.14E-08,1365,19.82,7.0331,16.4
Story6,D1,MODAL,LinModEigen,Mode,6,3E-06,-1.723E-07,-1E-06,1365,19.82,7.0331,16.4
Story6,D1,MODAL,LinModEigen,Mode,7,1.3E-05,1.36E-07,2.74E-07,1365,19.82,7.0331,16.4
Story6,D1,MODAL,LinModEigen,Mode,8,-6.986E-08,1.4E-05,-2.022E-08,1365,19.82,7.0331,16.4
Story6,D1,MODAL,LinModEigen,Mode,9,3E-06,-2.225E-07,-1E-06,1365,19.82,7.0331,16.4
Story6,D1,MODAL,LinModEigen,Mode,10,-4E-06,-3.56E-08,-9.155E-08,1365,19.82,7.0331,16.4
Story6,D1,MODAL,LinModEigen,Mode,11,-3.147E-08,-4E-06,8.667E-09,1365,19.82,7.0331,16.4
Story6,D1,MODAL,LinModEigen,Mode,12,1E-06,-1.812E-07,-3.804E-07,1365,19.82,7.0331,16.4
Story6,D1,PP,LinStatic,None,None,-4.2E-08,-0.000258,1E-05,1365,19.82,7.0331,16.4
Story6,D1,TERP,LinStatic,None,None,-2E-06,-5.7E-05,2E-06,1365,19.82,7.0331,16.4
Story6,D1,TERT,LinStatic,None,None,5.525E-08,-3E-06,9.871E-08,1365,19.82,7.0331,16.4
Story6,D1,SCP,LinStatic,None,None,-4E-06,-0.000101,4E-06,1365,19.82,7.0331,16.4
Story6,D1,SCT,LinStatic,None,None,5.525E-08,-3E-06,9.871E-08,1365,19.82,7.0331,16.4
Story6,D1,SEx,LinRespSpec,Max,None,0.007149,0.000456,0.000319,1365,19.82,7.0331,16.4
Story6,D1,SEy,LinRespSpec,Max,None,0.000552,0.006874,0.000132,1365,19.82,7.0331,16.4
Story6,D1,SEx_b2,LinRespSpec,Max,None,0.007112,0.000453,0.000284,1365,19.82,7.0331,16.4
Story6,D1,SEy_b2,LinRespSpec,Max,None,0.000446,0.006865,3.5E-05,1365,19.82,7.0331,16.4
Story6,D1,TorX+,LinStatic,None,None,0,0,0,1365,19.82,7.0331,16.4
Story6,D1,TorX-,LinStatic,None,None,0,0,0,1365,19.82,7.0331,16.4
Story6,D1,TorY+,LinStatic,None,None,0,0,0,1365,19.82,7.0331,16.4
Story6,D1,TorY-,LinStatic,None,None,0,0,0,1365,19.82,7.0331,16.4
Story6,D1,ED1_C1_1.4CP,Combination,None,None,-3E-06,-0.000445,1.8E-05,1365,19.82,7.0331,16.4
Story6,D1,ED1_C2_1.2CP_1.6L_0.5Lr,Combination,None,None,-8E-06,-0.000545,2.2E-05,1365,19.82,7.0331,16.4
Story6,D1,ED1_C3_1.2CP_L_1.6Lr,Combination,None,None,-6E-06,-0.000487,2E-05,1365,19.82,7.0331,16.4
Story6,D1,ED1_DYN_XP,Combination,Max,None,0.010003,0.000156,0.000467,1365,19.82,7.0331,16.4
Story6,D1,ED1_DYN_XP,Combination,Min,None,-0.010015,-0.001121,-0.000427,1365,19.82,7.0331,16.4
Story6,D1,ED1_DYN_XN,Combination,Max,None,0.010003,0.000156,0.000467,1365,19.82,7.0331,16.4
Story6,D1,ED1_DYN_XN,Combination,Min,None,-0.010015,-0.001121,-0.000427,1365,19.82,7.0331,16.4
Story6,D1,ED1_DYN_YP,Combination,Max,None,0.000766,0.009141,0.000204,1365,19.82,7.0331,16.4
Story6,D1,ED1_DYN_YP,Combination,Min,None,-0.000778,-0.010107,-0.000165,1365,19.82,7.0331,16.4
Story6,D1,ED1_DYN_YN,Combination,Max,None,0.000766,0.009141,0.000204,1365,19.82,7.0331,16.4
Story6,D1,ED1_DYN_YN,Combination,Min,None,-0.000778,-0.010107,-0.000165,1365,19.82,7.0331,16.4
Story6,D1,ED1_DYN_09_XP,Combination,Max,None,0.010007,0.000353,0.000458,1365,19.82,7.0331,16.4
Story6,D1,ED1_DYN_09_XP,Combination,Min,None,-0.010011,-0.000925,-0.000435,1365,19.82,7.0331,16.4
Story6,D1,ED1_DYN_09_XN,Combination,Max,None,0.010007,0.000353,0.000458,1365,19.82,7.0331,16.4
Story6,D1,ED1_DYN_09_XN,Combination,Min,None,-0.010011,-0.000925,-0.000435,1365,19.82,7.0331,16.4
Story6,D1,ED1_DYN_09_YP,Combination,Max,None,0.00077,0.009338,0.000196,1365,19.82,7.0331,16.4
Story6,D1,ED1_DYN_09_YP,Combination,Min,None,-0.000774,-0.00991,-0.000173,1365,19.82,7.0331,16.4
Story6,D1,ED1_DYN_09_YN,Combination,Max,None,0.00077,0.009338,0.000196,1365,19.82,7.0331,16.4
Story6,D1,ED1_DYN_09_YN,Combination,Min,None,-0.000774,-0.00991,-0.000173,1365,19.82,7.0331,16.4
Story5,D1,Dead,LinStatic,None,None,-1.805E-07,-0.000184,7E-06,1366,19.82,7.0331,13.8
Story5,D1,Live,LinStatic,None,None,0,0,0,1366,19.82,7.0331,13.8
Story5,D1,MODAL,LinModEigen,Mode,1,2E-06,8.733E-08,1.29E-07,1366,19.82,7.0331,13.8
Story5,D1,MODAL,LinModEigen,Mode,2,9.644E-08,2E-06,-1.85E-08,1366,19.82,7.0331,13.8
Story5,D1,MODAL,LinModEigen,Mode,3,-2E-06,2.389E-07,1.386E-07,1366,19.82,7.0331,13.8
Story5,D1,MODAL,LinModEigen,Mode,4,-9E-06,-1.987E-07,-2.164E-07,1366,19.82,7.0331,13.8
Story5,D1,MODAL,LinModEigen,Mode,5,1.666E-07,-9E-06,1.809E-08,1366,19.82,7.0331,13.8
Story5,D1,MODAL,LinModEigen,Mode,6,3E-06,-1.403E-07,-1E-06,1366,19.82,7.0331,13.8
Story5,D1,MODAL,LinModEigen,Mode,7,1.4E-05,1.343E-07,2.816E-07,1366,19.82,7.0331,13.8
Story5,D1,MODAL,LinModEigen,Mode,8,-7.893E-08,1.4E-05,-2.183E-08,1366,19.82,7.0331,13.8
Story5,D1,MODAL,LinModEigen,Mode,9,3E-06,-2.188E-07,-1E-06,1366,19.82,7.0331,13.8
Story5,D1,MODAL,LinModEigen,Mode,10,-1E-05,-4.651E-08,-2.007E-07,1366,19.82,7.0331,13.8
Story5,D1,MODAL,LinModEigen,Mode,11,-5.228E-08,-1E-05,2.588E-08,1366,19.82,7.0331,13.8
Story5,D1,MODAL,LinModEigen,Mode,12,2E-06,-3.628E-07,-1E-06,1366,19.82,7.0331,13.8
Story5,D1,PP,LinStatic,None,None,-1.805E-07,-0.000184,7E-06,1366,19.82,7.0331,13.8
Story5,D1,TERP,LinStatic,None,None,-2E-06,-4E-05,2E-06,1366,19.82,7.0331,13.8
Story5,D1,TERT,LinStatic,None,None,4.078E-08,-2E-06,6.988E-08,1366,19.82,7.0331,13.8
Story5,D1,SCP,LinStatic,None,None,-3E-06,-7.2E-05,3E-06,1366,19.82,7.0331,13.8
Story5,D1,SCT,LinStatic,None,None,4.078E-08,-2E-06,6.988E-08,1366,19.82,7.0331,13.8
Story5,D1,SEx,LinRespSpec,Max,None,0.005374,0.000338,0.000237,1366,19.82,7.0331,13.8
Story5,D1,SEy,LinRespSpec,Max,None,0.000412,0.005108,9.8E-05,1366,19.82,7.0331,13.8
Story5,D1,SEx_b2,LinRespSpec,Max,None,0.005346,0.000336,0.000211,1366,19.82,7.0331,13.8
Story5,D1,SEy_b2,LinRespSpec,Max,None,0.000333,0.005101,2.6E-05,1366,19.82,7.0331,13.8
Story5,D1,TorX+,LinStatic,None,None,0,0,0,1366,19.82,7.0331,13.8
Story5,D1,TorX-,LinStatic,None,None,0,0,0,1366,19.82,7.0331,13.8
Story5,D1,TorY+,LinStatic,None,None,0,0,0,1366,19.82,7.0331,13.8
Story5,D1,TorY-,LinStatic,None,None,0,0,0,1366,19.82,7.0331,13.8
Story5,D1,ED1_C1_1.4CP,Combination,None,None,-2E-06,-0.000317,1.3E-05,1366,19.82,7.0331,13.8
Story5,D1,ED1_C2_1.2CP_1.6L_0.5Lr,Combination,None,None,-6E-06,-0.000388,1.6E-05,1366,19.82,7.0331,13.8
Story5,D1,ED1_C3_1.2CP_L_1.6Lr,Combination,None,None,-5E-06,-0.000347,1.4E-05,1366,19.82,7.0331,13.8
Story5,D1,ED1_DYN_XP,Combination,Max,None,0.007519,0.00013,0.000345,1366,19.82,7.0331,13.8
Story5,D1,ED1_DYN_XP,Combination,Min,None,-0.007529,-0.000817,-0.000317,1366,19.82,7.0331,13.8
Story5,D1,ED1_DYN_XN,Combination,Max,None,0.007519,0.00013,0.000345,1366,19.82,7.0331,13.8
Story5,D1,ED1_DYN_XN,Combination,Min,None,-0.007529,-0.000817,-0.000317,1366,19.82,7.0331,13.8
Story5,D1,ED1_DYN_YP,Combination,Max,None,0.000572,0.006807,0.000151,1366,19.82,7.0331,13.8
Story5,D1,ED1_DYN_YP,Combination,Min,None,-0.000581,-0.007494,-0.000123,1366,19.82,7.0331,13.8
Story5,D1,ED1_DYN_YN,Combination,Max,None,0.000572,0.006807,0.000151,1366,19.82,7.0331,13.8
Story5,D1,ED1_DYN_YN,Combination,Min,None,-0.000581,-0.007494,-0.000123,1366,19.82,7.0331,13.8
Story5,D1,ED1_DYN_09_XP,Combination,Max,None,0.007522,0.00027,0.000339,1366,19.82,7.0331,13.8
Story5,D1,ED1_DYN_09_XP,Combination,Min,None,-0.007525,-0.000678,-0.000323,1366,19.82,7.0331,13.8
Story5,D1,ED1_DYN_09_XN,Combination,Max,None,0.007522,0.00027,0.000339,1366,19.82,7.0331,13.8
Story5,D1,ED1_DYN_09_XN,Combination,Min,None,-0.007525,-0.000678,-0.000323,1366,19.82,7.0331,13.8
Story5,D1,ED1_DYN_09_YP,Combination,Max,None,0.000575,0.006947,0.000145,1366,19.82,7.0331,13.8
Story5,D1,ED1_DYN_09_YP,Combination,Min,None,-0.000578,-0.007355,-0.000128,1366,19.82,7.0331,13.8
Story5,D1,ED1_DYN_09_YN,Combination,Max,None,0.000575,0.006947,0.000145,1366,19.82,7.0331,13.8
Story5,D1,ED1_DYN_09_YN,Combination,Min,None,-0.000578,-0.007355,-0.000128,1366,19.82,7.0331,13.8
Story4,D1,Dead,LinStatic,None,None,-2.105E-07,-0.000122,5E-06,1367,19.82,7.0331,11.2
Story4,D1,Live,LinStatic,None,None,0,0,0,1367,19.82,7.0331,11.2
Story4,D1,MODAL,LinModEigen,Mode,1,1E-06,6.024E-08,8.912E-08,1367,19.82,7.0331,11.2
Story4,D1,MODAL,LinModEigen,Mode,2,6.691E-08,2E-06,-1.275E-08,1367,19.82,7.0331,11.2
Story4,D1,MODAL,LinModEigen,Mode,3,-1E-06,1.658E-07,9.565E-08,1367,19.82,7.0331,11.2
Story4,D1,MODAL,LinModEigen,Mode,4,-7E-06,-1.509E-07,-1.663E-07,1367,19.82,7.0331,11.2
Story4,D1,MODAL,LinModEigen,Mode,5,1.312E-07,-7E-06,1.426E-08,1367,19.82,7.0331,11.2
Story4,D1,MODAL,LinModEigen,Mode,6,2E-06,-1.047E-07,-1E-06,1367,19.82,7.0331,11.2
Story4,D1,MODAL,LinModEigen,Mode,7,1.3E-05,1.172E-07,2.554E-07,1367,19.82,7.0331,11.2
Story4,D1,MODAL,LinModEigen,Mode,8,-7.762E-08,1.3E-05,-2.081E-08,1367,19.82,7.0331,11.2
Story4,D1,MODAL,LinModEigen,Mode,9,3E-06,-1.887E-07,-1E-06,1367,19.82,7.0331,11.2
Story4,D1,MODAL,LinModEigen,Mode,10,-1.4E-05,-4.722E-08,-2.604E-07,1367,19.82,7.0331,11.2
Story4,D1,MODAL,LinModEigen,Mode,11,-5.985E-08,-1.4E-05,3.658E-08,1367,19.82,7.0331,11.2
Story4,D1,MODAL,LinModEigen,Mode,12,3E-06,-4.531E-07,-1E-06,1367,19.82,7.0331,11.2
Story4,D1,PP,LinStatic,None,None,-2.105E-07,-0.000122,5E-06,1367,19.82,7.0331,11.2
Story4,D1,TERP,LinStatic,None,None,-1E-06,-2.6E-05,1E-06,1367,19.82,7.0331,11.2
Story4,D1,TERT,LinStatic,None,None,2.777E-08,-1E-06,4.602E-08,1367,19.82,7.0331,11.2
Story4,D1,SCP,LinStatic,None,None,-2E-06,-4.7E-05,2E-06,1367,19.82,7.0331,11.2
Story4,D1,SCT,LinStatic,None,None,2.777E-08,-1E-06,4.602E-08,1367,19.82,7.0331,11.2
Story4,D1,SEx,LinRespSpec,Max,None,0.003779,0.000234,0.000164,1367,19.82,7.0331,11.2
Story4,D1,SEy,LinRespSpec,Max,None,0.000288,0.003548,6.8E-05,1367,19.82,7.0331,11.2
Story4,D1,SEx_b2,LinRespSpec,Max,None,0.00376,0.000233,0.000146,1367,19.82,7.0331,11.2
Story4,D1,SEy_b2,LinRespSpec,Max,None,0.000233,0.003543,1.8E-05,1367,19.82,7.0331,11.2
Story4,D1,TorX+,LinStatic,None,None,0,0,0,1367,19.82,7.0331,11.2
Story4,D1,TorX-,LinStatic,None,None,0,0,0,1367,19.82,7.0331,11.2
Story4,D1,TorY+,LinStatic,None,None,0,0,0,1367,19.82,7.0331,11.2
Story4,D1,TorY-,LinStatic,None,None,0,0,0,1367,19.82,7.0331,11.2
Story4,D1,ED1_C1_1.4CP,Combination,None,None,-2E-06,-0.00021,9E-06,1367,19.82,7.0331,11.2
Story4,D1,ED1_C2_1.2CP_1.6L_0.5Lr,Combination,None,None,-4E-06,-0.000256,1.1E-05,1367,19.82,7.0331,11.2
Story4,D1,ED1_C3_1.2CP_L_1.6Lr,Combination,None,None,-3E-06,-0.000229,1E-05,1367,19.82,7.0331,11.2
Story4,D1,ED1_DYN_XP,Combination,Max,None,0.005288,0.000101,0.000239,1367,19.82,7.0331,11.2
Story4,D1,ED1_DYN_XP,Combination,Min,None,-0.005294,-0.000555,-0.00022,1367,19.82,7.0331,11.2
Story4,D1,ED1_DYN_XN,Combination,Max,None,0.005288,0.000101,0.000239,1367,19.82,7.0331,11.2
Story4,D1,ED1_DYN_XN,Combination,Min,None,-0.005294,-0.000555,-0.00022,1367,19.82,7.0331,11.2
Story4,D1,ED1_DYN_YP,Combination,Max,None,0.000399,0.00474,0.000104,1367,19.82,7.0331,11.2
Story4,D1,ED1_DYN_YP,Combination,Min,None,-0.000406,-0.005194,-8.5E-05,1367,19.82,7.0331,11.2
Story4,D1,ED1_DYN_YN,Combination,Max,None,0.000399,0.00474,0.000104,1367,19.82,7.0331,11.2
Story4,D1,ED1_DYN_YN,Combination,Min,None,-0.000406,-0.005194,-8.5E-05,1367,19.82,7.0331,11.2
Story4,D1,ED1_DYN_09_XP,Combination,Max,None,0.00529,0.000193,0.000235,1367,19.82,7.0331,11.2
Story4,D1,ED1_DYN_09_XP,Combination,Min,None,-0.005292,-0.000463,-0.000224,1367,19.82,7.0331,11.2
Story4,D1,ED1_DYN_09_XN,Combination,Max,None,0.00529,0.000193,0.000235,1367,19.82,7.0331,11.2
Story4,D1,ED1_DYN_09_XN,Combination,Min,None,-0.005292,-0.000463,-0.000224,1367,19.82,7.0331,11.2
Story4,D1,ED1_DYN_09_YP,Combination,Max,None,0.000401,0.004832,0.0001,1367,19.82,7.0331,11.2
Story4,D1,ED1_DYN_09_YP,Combination,Min,None,-0.000404,-0.005102,-8.9E-05,1367,19.82,7.0331,11.2
Story4,D1,ED1_DYN_09_YN,Combination,Max,None,0.000401,0.004832,0.0001,1367,19.82,7.0331,11.2
Story4,D1,ED1_DYN_09_YN,Combination,Min,None,-0.000404,-0.005102,-8.9E-05,1367,19.82,7.0331,11.2
Story3,D1,Dead,LinStatic,None,None,-1.684E-07,-7.2E-05,3E-06,1368,19.82,7.0331,8.6
Story3,D1,Live,LinStatic,None,None,0,0,0,1368,19.82,7.0331,8.6
Story3,D1,MODAL,LinModEigen,Mode,1,1E-06,3.737E-08,5.547E-08,1368,19.82,7.0331,8.6
Story3,D1,MODAL,LinModEigen,Mode,2,4.188E-08,1E-06,-7.924E-09,1368,19.82,7.0331,8.6
Story3,D1,MODAL,LinModEigen,Mode,3,-1E-06,1.038E-07,5.948E-08,1368,19.82,7.0331,8.6
Story3,D1,MODAL,LinModEigen,Mode,4,-5E-06,-1.026E-07,-1.148E-07,1368,19.82,7.0331,8.6
Story3,D1,MODAL,LinModEigen,Mode,5,9.331E-08,-5E-06,1.02E-08,1368,19.82,7.0331,8.6
Story3,D1,MODAL,LinModEigen,Mode,6,1E-06,-6.906E-08,-3.954E-07,1368,19.82,7.0331,8.6
Story3,D1,MODAL,LinModEigen,Mode,7,1E-05,8.848E-08,2.015E-07,1368,19.82,7.0331,8.6
Story3,D1,MODAL,LinModEigen,Mode,8,-6.633E-08,1.1E-05,-1.738E-08,1368,19.82,7.0331,8.6
Story3,D1,MODAL,LinModEigen,Mode,9,2E-06,-1.396E-07,-1E-06,1368,19.82,7.0331,8.6
Story3,D1,MODAL,LinModEigen,Mode,10,-1.4E-05,-3.823E-08,-2.568E-07,1368,19.82,7.0331,8.6
Story3,D1,MODAL,LinModEigen,Mode,11,-5.376E-08,-1.4E-05,3.814E-08,1368,19.82,7.0331,8.6
Story3,D1,MODAL,LinModEigen,Mode,12,3E-06,-4.334E-07,-1E-06,1368,19.82,7.0331,8.6
Story3,D1,PP,LinStatic,None,None,-1.684E-07,-7.2E-05,3E-06,1368,19.82,7.0331,8.6
Story3,D1,TERP,LinStatic,None,None,-1E-06,-1.5E-05,1E-06,1368,19.82,7.0331,8.6
Story3,D1,TERT,LinStatic,None,None,1.679E-08,-1E-06,2.713E-08,1368,19.82,7.0331,8.6
Story3,D1,SCP,LinStatic,None,None,-1E-06,-2.8E-05,1E-06,1368,19.82,7.0331,8.6
Story3,D1,SCT,LinStatic,None,None,1.679E-08,-1E-06,2.713E-08,1368,19.82,7.0331,8.6
Story3,D1,SEx,LinRespSpec,Max,None,0.002403,0.000146,0.000102,1368,19.82,7.0331,8.6
Story3,D1,SEy,LinRespSpec,Max,None,0.000181,0.002225,4.2E-05,1368,19.82,7.0331,8.6
Story3,D1,SEx_b2,LinRespSpec,Max,None,0.002391,0.000145,9.1E-05,1368,19.82,7.0331,8.6
Story3,D1,SEy_b2,LinRespSpec,Max,None,0.000147,0.002222,1.1E-05,1368,19.82,7.0331,8.6
Story3,D1,TorX+,LinStatic,None,None,0,0,0,1368,19.82,7.0331,8.6
Story3,D1,TorX-,LinStatic,None,None,0,0,0,1368,19.82,7.0331,8.6
Story3,D1,TorY+,LinStatic,None,None,0,0,0,1368,19.82,7.0331,8.6
Story3,D1,TorY-,LinStatic,None,None,0,0,0,1368,19.82,7.0331,8.6
Story3,D1,ED1_C1_1.4CP,Combination,None,None,-1E-06,-0.000124,5E-06,1368,19.82,7.0331,8.6
Story3,D1,ED1_C2_1.2CP_1.6L_0.5Lr,Combination,None,None,-3E-06,-0.000151,7E-06,1368,19.82,7.0331,8.6
Story3,D1,ED1_C3_1.2CP_L_1.6Lr,Combination,None,None,-2E-06,-0.000135,6E-06,1368,19.82,7.0331,8.6
Story3,D1,ED1_DYN_XP,Combination,Max,None,0.003363,7.1E-05,0.000149,1368,19.82,7.0331,8.6
Story3,D1,ED1_DYN_XP,Combination,Min,None,-0.003367,-0.000339,-0.000137,1368,19.82,7.0331,8.6
Story3,D1,ED1_DYN_XN,Combination,Max,None,0.003363,7.1E-05,0.000149,1368,19.82,7.0331,8.6
Story3,D1,ED1_DYN_XN,Combination,Min,None,-0.003367,-0.000339,-0.000137,1368,19.82,7.0331,8.6
Story3,D1,ED1_DYN_YP,Combination,Max,None,0.000252,0.002981,6.5E-05,1368,19.82,7.0331,8.6
Story3,D1,ED1_DYN_YP,Combination,Min,None,-0.000256,-0.003249,-5.3E-05,1368,19.82,7.0331,8.6
Story3,D1,ED1_DYN_YN,Combination,Max,None,0.000252,0.002981,6.5E-05,1368,19.82,7.0331,8.6
Story3,D1,ED1_DYN_YN,Combination,Min,None,-0.000256,-0.003249,-5.3E-05,1368,19.82,7.0331,8.6
Story3,D1,ED1_DYN_09_XP,Combination,Max,None,0.003364,0.000125,0.000146,1368,19.82,7.0331,8.6
Story3,D1,ED1_DYN_09_XP,Combination,Min,None,-0.003365,-0.000284,-0.00014,1368,19.82,7.0331,8.6
Story3,D1,ED1_DYN_09_XN,Combination,Max,None,0.003364,0.000125,0.000146,1368,19.82,7.0331,8.6
Story3,D1,ED1_DYN_09_XN,Combination,Min,None,-0.003365,-0.000284,-0.00014,1368,19.82,7.0331,8.6
Story3,D1,ED1_DYN_09_YP,Combination,Max,None,0.000253,0.003035,6.2E-05,1368,19.82,7.0331,8.6
Story3,D1,ED1_DYN_09_YP,Combination,Min,None,-0.000254,-0.003195,-5.6E-05,1368,19.82,7.0331,8.6
Story3,D1,ED1_DYN_09_YN,Combination,Max,None,0.000253,0.003035,6.2E-05,1368,19.82,7.0331,8.6
Story3,D1,ED1_DYN_09_YN,Combination,Min,None,-0.000254,-0.003195,-5.6E-05,1368,19.82,7.0331,8.6
Story2,D1,Dead,LinStatic,None,None,-9.422E-08,-3.5E-05,1E-06,1369,19.82,7.0331,6
Story2,D1,Live,LinStatic,None,None,0,0,0,1369,19.82,7.0331,6
Story2,D1,MODAL,LinModEigen,Mode,1,4.291E-07,1.934E-08,2.891E-08,1369,19.82,7.0331,6
Story2,D1,MODAL,LinModEigen,Mode,2,2.201E-08,1E-06,-4.132E-09,1369,19.82,7.0331,6
Story2,D1,MODAL,LinModEigen,Mode,3,-3.981E-07,5.452E-08,3.099E-08,1369,19.82,7.0331,6
Story2,D1,MODAL,LinModEigen,Mode,4,-3E-06,-5.827E-08,-6.658E-08,1369,19.82,7.0331,6
Story2,D1,MODAL,LinModEigen,Mode,5,5.642E-08,-3E-06,6.243E-09,1369,19.82,7.0331,6
Story2,D1,MODAL,LinModEigen,Mode,6,1E-06,-3.72E-08,-2.307E-07,1369,19.82,7.0331,6
Story2,D1,MODAL,LinModEigen,Mode,7,7E-06,5.439E-08,1.31E-07,1369,19.82,7.0331,6
Story2,D1,MODAL,LinModEigen,Mode,8,-4.721E-08,7E-06,-1.216E-08,1369,19.82,7.0331,6
Story2,D1,MODAL,LinModEigen,Mode,9,2E-06,-8.265E-08,-1E-06,1369,19.82,7.0331,6
Story2,D1,MODAL,LinModEigen,Mode,10,-1.1E-05,-2.327E-08,-1.951E-07,1369,19.82,7.0331,6
Story2,D1,MODAL,LinModEigen,Mode,11,-3.783E-08,-1.1E-05,3.062E-08,1369,19.82,7.0331,6
Story2,D1,MODAL,LinModEigen,Mode,12,3E-06,-3.191E-07,-1E-06,1369,19.82,7.0331,6
Story2,D1,PP,LinStatic,None,None,-9.422E-08,-3.5E-05,1E-06,1369,19.82,7.0331,6
Story2,D1,TERP,LinStatic,None,None,-3.24E-07,-7E-06,3.525E-07,1369,19.82,7.0331,6
Story2,D1,TERT,LinStatic,None,None,8.321E-09,-3.827E-07,1.32E-08,1369,19.82,7.0331,6
Story2,D1,SCP,LinStatic,None,None,-1E-06,-1.3E-05,1E-06,1369,19.82,7.0331,6
Story2,D1,SCT,LinStatic,None,None,8.321E-09,-3.827E-07,1.32E-08,1369,19.82,7.0331,6
Story2,D1,SEx,LinRespSpec,Max,None,0.001289,7.7E-05,5.3E-05,1369,19.82,7.0331,6
Story2,D1,SEy,LinRespSpec,Max,None,9.6E-05,0.001172,2.2E-05,1369,19.82,7.0331,6
Story2,D1,SEx_b2,LinRespSpec,Max,None,0.001282,7.6E-05,4.8E-05,1369,19.82,7.0331,6
Story2,D1,SEy_b2,LinRespSpec,Max,None,7.8E-05,0.001171,6E-06,1369,19.82,7.0331,6
Story2,D1,TorX+,LinStatic,None,None,0,0,0,1369,19.82,7.0331,6
Story2,D1,TorX-,LinStatic,None,None,0,0,0,1369,19.82,7.0331,6
Story2,D1,TorY+,LinStatic,None,None,0,0,0,1369,19.82,7.0331,6
Story2,D1,TorY-,LinStatic,None,None,0,0,0,1369,19.82,7.0331,6
Story2,D1,ED1_C1_1.4CP,Combination,None,None,-1E-06,-6E-05,3E-06,1369,19.82,7.0331,6
Story2,D1,ED1_C2_1.2CP_1.6L_0.5Lr,Combination,None,None,-1E-06,-7.3E-05,3E-06,1369,19.82,7.0331,6
Story2,D1,ED1_C3_1.2CP_L_1.6Lr,Combination,None,None,-1E-06,-6.5E-05,3E-06,1369,19.82,7.0331,6
Story2,D1,ED1_DYN_XP,Combination,Max,None,0.001803,4.2E-05,7.8E-05,1369,19.82,7.0331,6
Story2,D1,ED1_DYN_XP,Combination,Min,None,-0.001805,-0.000172,-7.2E-05,1369,19.82,7.0331,6
Story2,D1,ED1_DYN_XN,Combination,Max,None,0.001803,4.2E-05,7.8E-05,1369,19.82,7.0331,6
Story2,D1,ED1_DYN_XN,Combination,Min,None,-0.001805,-0.000172,-7.2E-05,1369,19.82,7.0331,6
Story2,D1,ED1_DYN_YP,Combination,Max,None,0.000133,0.001576,3.4E-05,1369,19.82,7.0331,6
Story2,D1,ED1_DYN_YP,Combination,Min,None,-0.000135,-0.001706,-2.8E-05,1369,19.82,7.0331,6
Story2,D1,ED1_DYN_YN,Combination,Max,None,0.000133,0.001576,3.4E-05,1369,19.82,7.0331,6
Story2,D1,ED1_DYN_YN,Combination,Min,None,-0.000135,-0.001706,-2.8E-05,1369,19.82,7.0331,6
Story2,D1,ED1_DYN_09_XP,Combination,Max,None,0.001804,6.9E-05,7.6E-05,1369,19.82,7.0331,6
Story2,D1,ED1_DYN_09_XP,Combination,Min,None,-0.001805,-0.000146,-7.3E-05,1369,19.82,7.0331,6
Story2,D1,ED1_DYN_09_XN,Combination,Max,None,0.001804,6.9E-05,7.6E-05,1369,19.82,7.0331,6
Story2,D1,ED1_DYN_09_XN,Combination,Min,None,-0.001805,-0.000146,-7.3E-05,1369,19.82,7.0331,6
Story2,D1,ED1_DYN_09_YP,Combination,Max,None,0.000134,0.001603,3.3E-05,1369,19.82,7.0331,6
Story2,D1,ED1_DYN_09_YP,Combination,Min,None,-0.000135,-0.00168,-2.9E-05,1369,19.82,7.0331,6
Story2,D1,ED1_DYN_09_YN,Combination,Max,None,0.000134,0.001603,3.3E-05,1369,19.82,7.0331,6
Story2,D1,ED1_DYN_09_YN,Combination,Min,None,-0.000135,-0.00168,-2.9E-05,1369,19.82,7.0331,6
Story1,D1,Dead,LinStatic,None,None,-4.25E-08,-1.1E-05,4.764E-07,1370,19.8236,7.0557,3.4
Story1,D1,Live,LinStatic,None,None,0,0,0,1370,19.8236,7.0557,3.4
Story1,D1,MODAL,LinModEigen,Mode,1,1.581E-07,6.854E-09,1.032E-08,1370,19.8236,7.0557,3.4
Story1,D1,MODAL,LinModEigen,Mode,2,8.063E-09,1.819E-07,-1.483E-09,1370,19.8236,7.0557,3.4
Story1,D1,MODAL,LinModEigen,Mode,3,-1.484E-07,1.976E-08,1.11E-08,1370,19.8236,7.0557,3.4
Story1,D1,MODAL,LinModEigen,Mode,4,-1E-06,-2.315E-08,-2.701E-08,1370,19.8236,7.0557,3.4
Story1,D1,MODAL,LinModEigen,Mode,5,2.442E-08,-1E-06,2.744E-09,1370,19.8236,7.0557,3.4
Story1,D1,MODAL,LinModEigen,Mode,6,3.677E-07,-1.378E-08,-9.518E-08,1370,19.8236,7.0557,3.4
Story1,D1,MODAL,LinModEigen,Mode,7,3E-06,2.321E-08,5.909E-08,1370,19.8236,7.0557,3.4
Story1,D1,MODAL,LinModEigen,Mode,8,-2.369E-08,3E-06,-6.027E-09,1370,19.8236,7.0557,3.4
Story1,D1,MODAL,LinModEigen,Mode,9,1E-06,-3.408E-08,-2.617E-07,1370,19.8236,7.0557,3.4
Story1,D1,MODAL,LinModEigen,Mode,10,-6E-06,-9.537E-09,-9.9E-08,1370,19.8236,7.0557,3.4
Story1,D1,MODAL,LinModEigen,Mode,11,-1.95E-08,-6E-06,1.655E-08,1370,19.8236,7.0557,3.4
Story1,D1,MODAL,LinModEigen,Mode,12,1E-06,-1.61E-07,-4.673E-07,1370,19.8236,7.0557,3.4
Story1,D1,PP,LinStatic,None,None,-4.25E-08,-1.1E-05,4.764E-07,1370,19.8236,7.0557,3.4
Story1,D1,TERP,LinStatic,None,None,-1.082E-07,-2E-06,1.14E-07,1370,19.8236,7.0557,3.4
Story1,D1,TERT,LinStatic,None,None,2.603E-09,-1.228E-07,4.235E-09,1370,19.8236,7.0557,3.4
Story1,D1,SCP,LinStatic,None,None,-1.932E-07,-4E-06,2.036E-07,1370,19.8236,7.0557,3.4
Story1,D1,SCT,LinStatic,None,None,2.603E-09,-1.228E-07,4.235E-09,1370,19.8236,7.0557,3.4
Story1,D1,SEx,LinRespSpec,Max,None,0.000483,2.8E-05,1.9E-05,1370,19.8236,7.0557,3.4
Story1,D1,SEy,LinRespSpec,Max,None,3.5E-05,0.000427,8E-06,1370,19.8236,7.0557,3.4
Story1,D1,SEx_b2,LinRespSpec,Max,None,0.000481,2.7E-05,1.7E-05,1370,19.8236,7.0557,3.4
Story1,D1,SEy_b2,LinRespSpec,Max,None,2.9E-05,0.000426,2E-06,1370,19.8236,7.0557,3.4
Story1,D1,TorX+,LinStatic,None,None,0,0,0,1370,19.8236,7.0557,3.4
Story1,D1,TorX-,LinStatic,None,None,0,0,0,1370,19.8236,7.0557,3.4
Story1,D1,TorY+,LinStatic,None,None,0,0,0,1370,19.8236,7.0557,3.4
Story1,D1,TorY-,LinStatic,None,None,0,0,0,1370,19.8236,7.0557,3.4
Story1,D1,ED1_C1_1.4CP,Combination,None,None,-2.073E-07,-1.9E-05,1E-06,1370,19.8236,7.0557,3.4
Story1,D1,ED1_C2_1.2CP_1.6L_0.5Lr,Combination,None,None,-4.855E-07,-2.3E-05,1E-06,1370,19.8236,7.0557,3.4
Story1,D1,ED1_C3_1.2CP_L_1.6Lr,Combination,None,None,-3.667E-07,-2.1E-05,1E-06,1370,19.8236,7.0557,3.4
Story1,D1,ED1_DYN_XP,Combination,Max,None,0.000676,1.8E-05,2.8E-05,1370,19.8236,7.0557,3.4
Story1,D1,ED1_DYN_XP,Combination,Min,None,-0.000677,-5.9E-05,-2.6E-05,1370,19.8236,7.0557,3.4
Story1,D1,ED1_DYN_XN,Combination,Max,None,0.000676,1.8E-05,2.8E-05,1370,19.8236,7.0557,3.4
Story1,D1,ED1_DYN_XN,Combination,Min,None,-0.000677,-5.9E-05,-2.6E-05,1370,19.8236,7.0557,3.4
Story1,D1,ED1_DYN_YP,Combination,Max,None,4.9E-05,0.000577,1.2E-05,1370,19.8236,7.0557,3.4
Story1,D1,ED1_DYN_YP,Combination,Min,None,-5E-05,-0.000618,-1E-05,1370,19.8236,7.0557,3.4
Story1,D1,ED1_DYN_YN,Combination,Max,None,4.9E-05,0.000577,1.2E-05,1370,19.8236,7.0557,3.4
Story1,D1,ED1_DYN_YN,Combination,Min,None,-5E-05,-0.000618,-1E-05,1370,19.8236,7.0557,3.4
Story1,D1,ED1_DYN_09_XP,Combination,Max,None,0.000676,2.6E-05,2.7E-05,1370,19.8236,7.0557,3.4
Story1,D1,ED1_DYN_09_XP,Combination,Min,None,-0.000677,-5.1E-05,-2.6E-05,1370,19.8236,7.0557,3.4
Story1,D1,ED1_DYN_09_XN,Combination,Max,None,0.000676,2.6E-05,2.7E-05,1370,19.8236,7.0557,3.4
Story1,D1,ED1_DYN_09_XN,Combination,Min,None,-0.000677,-5.1E-05,-2.6E-05,1370,19.8236,7.0557,3.4
Story1,D1,ED1_DYN_09_YP,Combination,Max,None,4.9E-05,0.000585,1.2E-05,1370,19.8236,7.0557,3.4
Story1,D1,ED1_DYN_09_YP,Combination,Min,None,-4.9E-05,-0.00061,-1.1E-05,1370,19.8236,7.0557,3.4
Story1,D1,ED1_DYN_09_YN,Combination,Max,None,4.9E-05,0.000585,1.2E-05,1370,19.8236,7.0557,3.4
Story1,D1,ED1_DYN_09_YN,Combination,Min,None,-4.9E-05,-0.00061,-1.1E-05,1370,19.8236,7.0557,3.4
